Player,Team,Pos,Pos2,Age,Matches ,Starts,Min,Min per match,Gls,Ast,G-PK,PK,PKatt,CrdY,CrdR,G per 90,A per 90,G+A,xG,npxG,xA,xG,xA,xG+xA
Bukayo Saka,Arsenal,FW,MF,19,38,36,"2,978",78,11,7,9,2,2,6,0,0.33,0.21,0.54,9.7,8.2,6.9,0.29,0.21,0.5
Gabriel Dos Santos,Arsenal,DF,,23,35,35,"3,063",87,5,0,5,0,0,8,1,0.15,0,0.15,2.7,2.7,0.8,0.08,0.02,0.1
Aaron Ramsdale,Arsenal,GK,,23,34,34,"3,060",90,0,0,0,0,0,1,0,0,0,0,0,0,0,0,0,0
Ben White,Arsenal,DF,,23,32,32,"2,880",90,0,0,0,0,0,3,0,0,0,0,1,1,0.6,0.03,0.02,0.05
Martin Ødegaard,Arsenal,MF,,22,36,32,"2,785",77,7,4,7,0,0,4,0,0.23,0.13,0.36,4.8,4.8,6.8,0.16,0.22,0.38
Granit Xhaka,Arsenal,MF,DF,28,27,27,"2,327",86,1,2,1,0,0,10,1,0.04,0.08,0.12,1.2,1.2,2.3,0.05,0.09,0.14
Thomas Partey,Arsenal,MF,,28,24,23,"2,028",84,2,1,2,0,0,6,0,0.09,0.04,0.13,2.5,2.5,1.3,0.11,0.06,0.17
Kieran Tierney,Arsenal,DF,,24,22,22,"1,915",87,1,3,1,0,0,0,0,0.05,0.14,0.19,0.7,0.7,1.9,0.03,0.09,0.12
Emile Smith Rowe,Arsenal,MF,FW,21,33,21,"1,921",58,10,2,10,0,0,1,0,0.47,0.09,0.56,5.8,5.8,2.2,0.27,0.1,0.37
Martinelli,Arsenal,FW,MF,20,29,21,"1,860",64,6,6,5,1,1,3,1,0.29,0.29,0.58,7.2,6.5,3.3,0.35,0.16,0.51
Alexandre Lacazette,Arsenal,FW,MF,30,30,20,"1,782",59,4,7,2,2,3,0,0,0.2,0.35,0.56,7.9,5.6,1.9,0.4,0.1,0.5
Takehiro Tomiyasu,Arsenal,DF,,22,21,20,"1,679",79,0,1,0,0,0,2,0,0,0.05,0.05,0.8,0.8,0.6,0.04,0.03,0.08
Cédric Soares,Arsenal,DF,,29,21,16,"1,486",70,1,1,1,0,0,3,0,0.06,0.06,0.12,0.5,0.5,1.4,0.03,0.09,0.12
Nuno Tavares,Arsenal,DF,,21,22,13,"1,176",53,1,1,1,0,0,2,0,0.08,0.08,0.15,1.5,1.5,1,0.11,0.08,0.19
Albert Sambi Lokonga,Arsenal,MF,,21,19,12,"1,134",59,0,0,0,0,0,5,0,0,0,0,0.6,0.6,0.8,0.05,0.06,0.11
Pierre-Emerick Aubameyang,Arsenal,FW,,32,14,12,"1,037",74,4,1,4,0,2,3,0,0.35,0.09,0.43,5.8,4.1,0.8,0.5,0.07,0.57
Rob Holding,Arsenal,DF,,25,15,9,845,56,1,0,1,0,0,4,1,0.11,0,0.11,0.3,0.3,0,0.03,0,0.03
Eddie Nketiah,Arsenal,FW,,22,21,8,835,39,5,1,5,0,0,3,0,0.54,0.11,0.65,4.6,4.6,1.4,0.5,0.16,0.65
Mohamed Elneny,Arsenal,MF,,29,14,8,806,57,0,2,0,0,0,1,0,0,0.22,0.22,0.2,0.2,0.6,0.02,0.06,0.08
Nicolas Pépé,Arsenal,FW,MF,26,20,5,696,34,1,2,1,0,0,0,0,0.13,0.26,0.39,2.9,2.9,1.7,0.38,0.22,0.6
Bernd Leno,Arsenal,GK,,29,4,4,360,90,0,0,0,0,0,0,0,0,0,0,0,0,0,0,0,0
Ainsley Maitland-Niles,Arsenal,MF,,23,8,2,268,33,0,0,0,0,0,0,0,0,0,0,0,0,0.3,0.01,0.12,0.13
Pablo Marí,Arsenal,DF,,27,2,2,180,90,0,0,0,0,0,1,0,0,0,0,0.3,0.3,0.1,0.15,0.05,0.21
Calum Chambers,Arsenal,DF,,26,2,2,170,85,0,0,0,0,0,0,0,0,0,0,0.1,0.1,0.1,0.05,0.03,0.07
Sead Kolašinac,Arsenal,DF,,28,2,1,91,45,0,0,0,0,0,1,0,0,0,0,0,0,0,0,0,0
Folarin Balogun,Arsenal,FW,,20,2,1,70,35,0,0,0,0,0,0,0,0,0,0,0.3,0.3,0,0.35,0,0.35
Reiss Nelson,Arsenal,FW,,21,1,0,20,20,0,0,0,0,0,0,0,0,0,0,0,0,0,0.16,0.18,0.35
Ryan Alebiousu,Arsenal,DF,,19,0,0,,,,,,,,,,,,,,,,,,
Zach Awe,Arsenal,DF,,17,0,0,,,,,,,,,,,,,,,,,,
Miguel Azeez,Arsenal,MF,,18,0,0,,,,,,,,,,,,,,,,,,
Héctor Bellerín,Arsenal,DF,MF,26,0,0,,,,,,,,,,,,,,,,,,
Mika Biereth,Arsenal,FW,,18,0,0,,,,,,,,,,,,,,,,,,
Marcelo Flores,Arsenal,MF,,17,0,0,,,,,,,,,,,,,,,,,,
Omari Hutchinson,Arsenal,DF,,17,0,0,,,,,,,,,,,,,,,,,,
Karl Jakob Hein,Arsenal,GK,,19,0,0,,,,,,,,,,,,,,,,,,
Alex Kirk,Arsenal,DF,,18,0,0,,,,,,,,,,,,,,,,,,
Mazeed Ogungbo,Arsenal,DF,,18,0,0,,,,,,,,,,,,,,,,,,
Arthur Okonkwo,Arsenal,GK,,19,0,0,,,,,,,,,,,,,,,,,,
Salah Oulad M'Hand,Arsenal,MF,,17,0,0,,,,,,,,,,,,,,,,,,
Charlie Patino,Arsenal,FW,,17,0,0,,,,,,,,,,,,,,,,,,
Zak Swanson,Arsenal,DF,,20,0,0,,,,,,,,,,,,,,,,,,
Matty Cash,Aston Villa,DF,,23,38,38,"3,377",88,4,3,4,0,0,8,0,0.11,0.08,0.19,2.4,2.4,1.9,0.07,0.05,0.12
Emiliano Martínez,Aston Villa,GK,,28,36,36,"3,240",90,0,0,0,0,0,4,0,0,0,0,0,0,0,0,0,0
Tyrone Mings,Aston Villa,DF,,28,36,35,"3,189",88,1,3,1,0,0,11,0,0.03,0.08,0.11,1.4,1.4,1.5,0.04,0.04,0.08
John McGinn,Aston Villa,MF,,26,35,35,"3,090",88,3,4,3,0,0,8,0,0.09,0.12,0.2,1.5,1.5,4.9,0.04,0.14,0.19
Ollie Watkins,Aston Villa,FW,,25,35,33,"2,952",84,11,2,10,1,1,7,0,0.34,0.06,0.4,12.2,11.4,2.9,0.37,0.09,0.46
Douglas Luiz,Aston Villa,MF,,23,34,31,"2,715",79,2,3,2,0,0,7,0,0.07,0.1,0.17,2,2,2.5,0.07,0.08,0.15
Ezri Konsa,Aston Villa,DF,,23,29,29,"2,477",85,2,0,2,0,0,6,2,0.07,0,0.07,1.5,1.5,0.3,0.05,0.01,0.06
Jacob Ramsey,Aston Villa,MF,,20,34,29,"2,467",72,6,1,6,0,0,6,0,0.22,0.04,0.26,3.8,3.8,2,0.14,0.07,0.21
Emi Buendía,Aston Villa,FW,MF,24,35,22,"1,899",54,4,6,4,0,0,1,0,0.19,0.28,0.47,3.1,3.1,5.5,0.14,0.26,0.41
Danny Ings,Aston Villa,FW,,29,30,22,"1,898",63,7,6,6,1,1,4,0,0.33,0.28,0.62,7.3,6.6,2,0.35,0.1,0.44
Matt Targett,Aston Villa,DF,,25,17,17,"1,431",84,1,1,1,0,0,2,0,0.06,0.06,0.13,0.5,0.5,2.2,0.03,0.14,0.17
Philippe Coutinho,Aston Villa,MF,FW,29,19,16,"1,329",69,5,3,5,0,0,0,0,0.34,0.2,0.54,3.7,3.7,3.2,0.25,0.22,0.47
Lucas Digne,Aston Villa,DF,,28,16,16,"1,269",79,0,4,0,0,0,2,0,0,0.28,0.28,0.6,0.6,2,0.04,0.14,0.18
Ashley Young,Aston Villa,DF,FW,36,24,10,"1,250",52,0,2,0,0,0,2,0,0,0.14,0.14,0.4,0.4,0.7,0.03,0.05,0.08
Marvelous Nakamba,Aston Villa,MF,,27,16,10,904,56,0,0,0,0,0,5,0,0,0,0,0,0,0.1,0,0.01,0.01
Calum Chambers,Aston Villa,DF,,26,11,9,831,75,1,0,1,0,0,1,0,0.11,0,0.11,0.2,0.2,0.1,0.02,0.01,0.04
Leon Bailey,Aston Villa,FW,MF,23,18,7,761,42,1,2,1,0,0,3,0,0.12,0.24,0.35,1.6,1.6,0.6,0.19,0.07,0.26
Axel Tuanzebe,Aston Villa,DF,,23,9,6,508,56,0,0,0,0,0,1,0,0,0,0,0.2,0.2,0,0.03,0,0.03
Kortney Hause,Aston Villa,DF,,26,7,4,397,56,1,0,1,0,0,0,0,0.23,0,0.23,0.1,0.1,0,0.02,0,0.02
Anwar El Ghazi,Aston Villa,FW,MF,26,9,4,386,42,1,1,0,1,1,2,0,0.23,0.23,0.47,1.1,0.3,0.4,0.25,0.09,0.33
Morgan Sanson,Aston Villa,MF,,26,10,3,356,35,0,0,0,0,0,0,0,0,0,0,0,0,0,0,0,0.01
Carney Chukwuemeka,Aston Villa,MF,FW,17,12,2,301,25,0,1,0,0,0,0,0,0,0.3,0.3,0.6,0.6,1,0.17,0.29,0.46
Bertrand Traoré,Aston Villa,MF,FW,25,9,1,220,24,0,0,0,0,0,0,0,0,0,0,0.3,0.3,0,0.13,0,0.13
Tim Iroegbunam,Aston Villa,MF,,18,3,1,92,30,0,0,0,0,0,1,0,0,0,0,0.1,0.1,0,0.13,0,0.13
Robin Olsen,Aston Villa,GK,,31,1,1,90,90,0,0,0,0,0,0,0,0,0,0,0,0,0,0,0,0
Jed Steer,Aston Villa,GK,,28,1,1,90,90,0,0,0,0,0,0,0,0,0,0,0,0,0,0,0,0
Cameron Archer,Aston Villa,MF,FW,19,3,0,27,9,0,0,0,0,0,0,0,0,0,0,0,0,0,0.07,0,0.07
Keinan Davis,Aston Villa,FW,,23,1,0,12,12,0,0,0,0,0,0,0,0,0,0,0,0,0,0,0,0
Trézéguet,Aston Villa,FW,,26,1,0,11,11,0,0,0,0,0,0,0,0,0,0,0.1,0.1,0,0.51,0,0.51
Jaden Philogene Bidace,Aston Villa,FW,,19,1,0,5,5,0,0,0,0,0,0,0,0,0,0,0,0,0,0,0,0
Wesley Moraes,Aston Villa,FW,,24,1,0,1,1,0,0,0,0,0,0,0,0,0,0,0,0,0,0,0,0
Lamare Bogarde,Aston Villa,MF,,17,0,0,,,,,,,,,,,,,,,,,,
Benjamin Chrisene,Aston Villa,DF,,17,0,0,,,,,,,,,,,,,,,,,,
Josh Feeney,Aston Villa,DF,,16,0,0,,,,,,,,,,,,,,,,,,
Frederic Guilbert,Aston Villa,DF,MF,26,0,0,,,,,,,,,,,,,,,,,,
Conor Hourihane,Aston Villa,MF,,30,0,0,,,,,,,,,,,,,,,,,,
Kaine Kessler,Aston Villa,DF,MF,18,0,0,,,,,,,,,,,,,,,,,,
Filip Marshall,Aston Villa,GK,,18,0,0,,,,,,,,,,,,,,,,,,
Tommi O'Reilly,Aston Villa,MF,,17,0,0,,,,,,,,,,,,,,,,,,
Aaron Ramsey,Aston Villa,MF,,18,0,0,,,,,,,,,,,,,,,,,,
Viljami Sinisalo,Aston Villa,GK,,19,0,0,,,,,,,,,,,,,,,,,,
Pontus Jansson,Brentford,DF,,30,37,37,"3,321",89,3,1,3,0,0,7,0,0.08,0.03,0.11,2.9,2.9,0.5,0.08,0.01,0.09
Christian Nørgaard,Brentford,MF,,27,35,35,"3,054",87,3,4,3,0,0,8,0,0.09,0.12,0.21,3.2,3.2,3.1,0.09,0.09,0.19
Bryan Mbeumo,Brentford,FW,,21,35,34,"2,905",83,4,7,3,1,1,4,0,0.12,0.22,0.34,9.7,9,3.6,0.3,0.11,0.41
Rico Henry,Brentford,DF,,24,34,33,"2,776",81,3,0,3,0,0,2,0,0.1,0,0.1,1.8,1.8,1.7,0.06,0.06,0.11
Ivan Toney,Brentford,FW,,25,33,32,"2,909",88,12,5,7,5,5,8,0,0.37,0.15,0.53,12,8.2,5.8,0.37,0.18,0.55
Ethan Pinnock,Brentford,DF,,28,32,32,"2,694",84,1,1,1,0,0,1,0,0.03,0.03,0.07,1.5,1.5,1.2,0.05,0.04,0.09
Vitaly Janelt,Brentford,MF,,23,31,27,"2,298",74,4,0,4,0,0,3,0,0.16,0,0.16,2.6,2.6,2.2,0.1,0.09,0.19
Sergi Canós,Brentford,DF,,24,31,25,"2,083",67,3,2,3,0,0,8,1,0.13,0.09,0.22,3,3,1.9,0.13,0.08,0.21
David Raya,Brentford,GK,,25,24,24,"2,160",90,0,0,0,0,0,1,0,0,0,0,0,0,0,0,0,0
Kristoffer Ajer,Brentford,DF,,23,24,23,"1,995",83,1,3,1,0,0,5,0,0.05,0.14,0.18,0.8,0.8,1.4,0.04,0.06,0.1
Mathias Jensen,Brentford,MF,,25,31,19,"1,601",51,0,1,0,0,0,0,0,0,0.06,0.06,2.5,2.5,3.6,0.14,0.2,0.34
Yoane Wissa,Brentford,FW,MF,24,30,12,"1,284",42,7,1,7,0,0,0,0,0.49,0.07,0.56,3.7,3.7,0.7,0.26,0.05,0.31
Mads Roerslev,Brentford,DF,,22,21,12,"1,240",59,1,1,1,0,0,1,0,0.07,0.07,0.15,0.3,0.3,0.9,0.02,0.06,0.08
Álvaro Fernández,Brentford,GK,,23,12,12,"1,080",90,0,0,0,0,0,0,0,0,0,0,0,0,0,0,0,0
Frank Onyeka,Brentford,MF,,23,20,12,"1,045",52,0,0,0,0,0,4,0,0,0,0,1.1,1.1,0.2,0.1,0.02,0.11
Christian Eriksen,Brentford,MF,,29,11,10,939,85,1,4,1,0,0,1,0,0.1,0.38,0.48,1.4,1.4,3.6,0.14,0.34,0.48
Shandon Baptiste,Brentford,MF,,23,22,9,910,41,1,1,1,0,0,2,1,0.1,0.1,0.2,0.7,0.7,0.5,0.07,0.05,0.12
Mads Bech Sørensen,Brentford,DF,,22,11,9,835,75,0,0,0,0,0,3,0,0,0,0,0.1,0.1,0.4,0.01,0.04,0.05
Mathias Jørgensen,Brentford,DF,,31,8,6,518,64,1,0,1,0,0,2,0,0.17,0,0.17,0.1,0.1,0.1,0.02,0.02,0.03
Saman Ghoddos,Brentford,DF,MF,27,17,4,536,31,1,1,1,0,0,2,0,0.17,0.17,0.34,0.6,0.6,1.2,0.11,0.21,0.32
Charlie Goode,Brentford,DF,,25,6,4,450,75,0,0,0,0,0,3,0,0,0,0,0.1,0.1,0.3,0.03,0.07,0.1
Josh Dasilva,Brentford,MF,FW,22,9,2,257,28,0,0,0,0,0,0,1,0,0,0,0,0,0.1,0.02,0.04,0.05
Jonas Lössl,Brentford,GK,,32,2,2,180,90,0,0,0,0,0,0,0,0,0,0,0,0,0,0,0,0
Dominic Thompson,Brentford,DF,,21,2,2,146,73,0,0,0,0,0,0,0,0,0,0,0,0,0,0.01,0,0.01
Marcus Forss,Brentford,FW,MF,22,7,1,209,29,0,1,0,0,0,0,0,0,0.43,0.43,0.2,0.2,0,0.1,0,0.1
Mads Bidstrup,Brentford,MF,,20,4,0,41,10,0,0,0,0,0,0,0,0,0,0,0,0,0,0,0,0
Tariqe Fosu,Brentford,DF,,25,1,0,17,17,0,0,0,0,0,0,0,0,0,0,0,0,0,0.16,0,0.16
Finley Stevens,Brentford,DF,,18,1,0,15,15,0,0,0,0,0,0,0,0,0,0,0,0,0,0,0.25,0.25
Nathan Young-Coombes,Brentford,FW,,18,1,0,4,4,0,0,0,0,0,0,0,0,0,0,0,0,0,0,0,0
Matthew Cox,Brentford,GK,,18,0,0,,,,,,,,,,,,,,,,,,
Halil Dervi?o?lu,Brentford,FW,,21,0,0,,,,,,,,,,,,,,,,,,
Patrik Gunnarsson,Brentford,GK,,20,0,0,,,,,,,,,,,,,,,,,,
Maxwell Haygarth,Brentford,MF,,19,0,0,,,,,,,,,,,,,,,,,,
Julian Jeanvier,Brentford,DF,,29,0,0,,,,,,,,,,,,,,,,,,
Edmond-Paris Maghoma,Brentford,MF,,20,0,0,,,,,,,,,,,,,,,,,,
Myles Peart-Harris,Brentford,MF,,18,0,0,,,,,,,,,,,,,,,,,,
Robert Sánchez,Brighton & Hove Albion,GK,,23,37,37,"3,329",89,0,0,0,0,0,3,1,0,0,0,0,0,0.4,0,0.01,0.01
Marc Cucurella,Brighton & Hove Albion,DF,,23,35,35,"3,089",88,1,1,1,0,0,6,0,0.03,0.03,0.06,0.7,0.7,2.7,0.02,0.08,0.1
Joël Veltman,Brighton & Hove Albion,DF,,29,34,33,"2,874",84,1,1,1,0,0,6,0,0.03,0.03,0.06,0.9,0.9,1.1,0.03,0.03,0.06
Leandro Trossard,Brighton & Hove Albion,FW,MF,26,34,32,"2,805",82,8,3,7,1,1,2,0,0.26,0.1,0.35,6.8,6,4.1,0.22,0.13,0.35
Lewis Dunk,Brighton & Hove Albion,DF,,29,29,29,"2,573",88,1,0,1,0,0,3,1,0.03,0,0.03,1.2,1.2,0.2,0.04,0.01,0.05
Neal Maupay,Brighton & Hove Albion,FW,,24,32,25,"2,276",71,8,2,7,1,2,7,0,0.32,0.08,0.4,7.7,6.2,2.2,0.3,0.09,0.39
Yves Bissouma,Brighton & Hove Albion,MF,,24,26,25,"2,111",81,1,2,1,0,0,10,0,0.04,0.09,0.13,0.9,0.9,0.8,0.04,0.03,0.07
Pascal Groß,Brighton & Hove Albion,MF,DF,30,29,24,"2,038",70,2,4,2,0,1,1,0,0.09,0.18,0.26,2.9,2.2,5.3,0.13,0.24,0.36
Alexis Mac Allister,Brighton & Hove Albion,MF,FW,22,33,22,"2,123",64,5,2,3,2,3,4,0,0.21,0.08,0.3,6.5,4.2,1.5,0.28,0.06,0.34
Jakub Moder,Brighton & Hove Albion,MF,FW,22,28,19,"1,701",60,0,3,0,0,0,1,0,0,0.16,0.16,2.4,2.4,1.7,0.13,0.09,0.22
Adam Lallana,Brighton & Hove Albion,MF,,33,24,18,"1,561",65,0,1,0,0,0,4,0,0,0.06,0.06,1.2,1.2,0.7,0.07,0.04,0.11
Solly March,Brighton & Hove Albion,DF,FW,27,31,17,"1,746",56,0,2,0,0,0,1,0,0,0.1,0.1,1.5,1.5,2.7,0.08,0.14,0.22
Tariq Lamptey,Brighton & Hove Albion,DF,FW,20,30,16,"1,561",52,0,2,0,0,0,4,0,0,0.12,0.12,0.8,0.8,2.2,0.05,0.13,0.17
Adam Webster,Brighton & Hove Albion,DF,,26,22,16,"1,434",65,2,0,2,0,0,5,0,0.13,0,0.13,1.1,1.1,0.1,0.07,0,0.08
Danny Welbeck,Brighton & Hove Albion,FW,,30,25,15,"1,478",59,6,2,6,0,0,0,0,0.37,0.12,0.49,6.1,6.1,1,0.37,0.06,0.44
Shane Duffy,Brighton & Hove Albion,DF,,29,18,15,"1,436",79,1,0,1,0,0,7,0,0.06,0,0.06,1.3,1.3,0.1,0.08,0.01,0.09
Dan Burn,Brighton & Hove Albion,DF,,29,13,12,"1,022",78,1,0,1,0,0,4,0,0.09,0,0.09,1.3,1.3,0,0.11,0,0.12
Enock Mwepu,Brighton & Hove Albion,MF,FW,23,18,12,996,55,2,4,2,0,0,2,0,0.18,0.36,0.54,1.9,1.9,1.4,0.17,0.12,0.29
Moisés Caicedo,Brighton & Hove Albion,MF,,19,8,8,660,82,1,1,1,0,0,2,0,0.14,0.14,0.27,0.8,0.8,0.4,0.1,0.05,0.16
Steven Alzate,Brighton & Hove Albion,MF,,22,9,5,404,44,0,0,0,0,0,0,0,0,0,0,0.1,0.1,0.2,0.02,0.04,0.06
Aaron Connolly,Brighton & Hove Albion,FW,,21,4,1,156,39,0,0,0,0,0,0,0,0,0,0,0.5,0.5,0.4,0.26,0.2,0.47
Jason Steele,Brighton & Hove Albion,GK,,30,1,1,90,90,0,0,0,0,0,0,0,0,0,0,0,0,0,0,0,0
Jeremy Sarmiento,Brighton & Hove Albion,FW,MF,19,5,1,48,9,0,0,0,0,0,0,0,0,0,0,0,0,0,0,0,0
Taylor Richards,Brighton & Hove Albion,MF,FW,20,2,0,25,12,0,0,0,0,0,0,0,0,0,0,0,0,0,0.14,0,0.14
Evan Ferguson,Brighton & Hove Albion,MF,,16,1,0,23,23,0,0,0,0,0,0,0,0,0,0,0,0,0,0,0,0
Jürgen Locadia,Brighton & Hove Albion,FW,,27,1,0,23,23,0,0,0,0,0,0,0,0,0,0,0.1,0.1,0,0.45,0,0.45
Florin Andone,Brighton & Hove Albion,FW,,28,0,0,,,,,,,,,,,,,,,,,,
Micha? Karbownik,Brighton & Hove Albion,DF,,20,0,0,,,,,,,,,,,,,,,,,,
Marc Leonard,Brighton & Hove Albion,MF,,19,0,0,,,,,,,,,,,,,,,,,,
Thomas Mcgill,Brighton & Hove Albion,GK,,21,0,0,,,,,,,,,,,,,,,,,,
Odeluga Offiah,Brighton & Hove Albion,DF,,18,0,0,,,,,,,,,,,,,,,,,,
Haydon Roberts,Brighton & Hove Albion,DF,,19,0,0,,,,,,,,,,,,,,,,,,
Kjell Scherpen,Brighton & Hove Albion,GK,,21,0,0,,,,,,,,,,,,,,,,,,
Ed Turns,Brighton & Hove Albion,DF,,18,0,0,,,,,,,,,,,,,,,,,,
Andi Zeqiri,Brighton & Hove Albion,FW,,22,0,0,,,,,,,,,,,,,,,,,,
Nick Pope,Burnley,GK,,29,36,36,"3,240",90,0,0,0,0,0,1,0,0,0,0,0,0,0.2,0,0.01,0.01
Dwight McNeil,Burnley,MF,,21,38,35,"3,107",81,0,1,0,0,0,1,0,0,0.03,0.03,2.3,2.3,4.8,0.07,0.14,0.21
James Tarkowski,Burnley,DF,,28,35,35,"3,106",88,1,2,1,0,0,11,0,0.03,0.06,0.09,2,2,0.6,0.06,0.02,0.08
Josh Brownhill,Burnley,MF,,25,35,32,"2,955",84,2,3,2,0,0,10,0,0.06,0.09,0.15,1.4,1.4,2.5,0.04,0.08,0.12
Charlie Taylor,Burnley,DF,,27,31,30,"2,731",88,0,3,0,0,0,3,0,0,0.1,0.1,0.2,0.2,3.5,0.01,0.11,0.12
Ashley Westwood,Burnley,MF,,31,27,26,"2,287",84,0,3,0,0,0,7,0,0,0.12,0.12,0.8,0.8,3.6,0.03,0.14,0.17
Ben Mee,Burnley,DF,,31,21,21,"1,839",87,3,0,3,0,0,3,0,0.15,0,0.15,1.8,1.8,0.1,0.09,0,0.09
Maxwel Cornet,Burnley,FW,MF,24,26,21,"1,766",67,9,1,9,0,1,2,0,0.46,0.05,0.51,6.7,5.9,1.5,0.34,0.07,0.42
Matthew Lowton,Burnley,DF,,32,25,20,"1,772",70,1,2,1,0,0,3,1,0.05,0.1,0.15,0.6,0.6,1.3,0.03,0.07,0.1
Jack Cork,Burnley,MF,,32,20,20,"1,670",83,1,0,1,0,0,4,0,0.05,0,0.05,0.8,0.8,0.1,0.04,0.01,0.05
Connor Roberts,Burnley,DF,,25,21,19,"1,692",80,1,1,1,0,0,2,0,0.05,0.05,0.11,0.2,0.2,1.1,0.01,0.06,0.07
Nathan Collins,Burnley,DF,,20,19,18,"1,670",87,2,0,2,0,0,2,1,0.11,0,0.11,1.6,1.6,0.9,0.08,0.05,0.14
Aaron Lennon,Burnley,MF,,34,28,17,"1,551",55,2,0,2,0,0,2,0,0.12,0,0.12,1.1,1.1,0.5,0.06,0.03,0.09
Wout Weghorst,Burnley,FW,,28,20,17,"1,450",72,2,3,2,0,0,3,0,0.12,0.19,0.31,4.2,4.2,1.4,0.26,0.09,0.35
Chris Wood,Burnley,FW,,29,17,17,"1,367",80,3,0,3,0,0,1,0,0.2,0,0.2,4.5,4.5,0.2,0.3,0.02,0.31
Jay Rodriguez,Burnley,FW,,32,29,13,"1,382",47,2,2,2,0,0,3,0,0.13,0.13,0.26,4.7,4.7,1.9,0.3,0.12,0.43
Jóhann Berg Guðmundsson,Burnley,MF,,30,18,13,"1,102",61,0,1,0,0,0,2,0,0,0.08,0.08,1.7,1.7,0.3,0.14,0.03,0.16
Ashley Barnes,Burnley,FW,,31,23,8,808,35,1,0,0,1,1,4,0,0.11,0,0.11,1.8,1,1.6,0.2,0.18,0.38
Erik Pieters,Burnley,DF,,32,12,8,730,60,0,1,0,0,0,1,0,0,0.12,0.12,0.2,0.2,0.8,0.02,0.1,0.13
Mat?j Vydra,Burnley,FW,,29,22,5,679,30,2,3,2,0,0,1,0,0.27,0.4,0.66,3,3,0.6,0.4,0.08,0.48
Kevin Long,Burnley,DF,,30,6,4,410,68,0,0,0,0,0,1,0,0,0,0,0.2,0.2,0,0.03,0,0.03
Wayne Hennessey,Burnley,GK,,34,2,2,180,90,0,0,0,0,0,0,0,0,0,0,0,0,0.1,0,0.06,0.06
Dale Stephens,Burnley,MF,,32,3,1,124,41,0,0,0,0,0,1,0,0,0,0,0,0,0,0.02,0.03,0.06
Phil Bardsley,Burnley,DF,,36,0,0,,,,,,,,,,,,,,,,,,
Dara Costelloe,Burnley,DF,,18,0,0,,,,,,,,,,,,,,,,,,
Owen Dodgson,Burnley,DF,,18,0,0,,,,,,,,,,,,,,,,,,
Anthony Gomez Mancini,Burnley,MF,,20,0,0,,,,,,,,,,,,,,,,,,
Joseph McGlynn,Burnley,MF,,18,0,0,,,,,,,,,,,,,,,,,,
Will Norris,Burnley,GK,,27,0,0,,,,,,,,,,,,,,,,,,
Lewis Richardson,Burnley,FW,,18,0,0,,,,,,,,,,,,,,,,,,
Bobby Thomas,Burnley,DF,,,0,0,,,,,,,,,,,,,,,,,,
Sam Waller,Burnley,GK,,17,0,0,,,,,,,,,,,,,,,,,,
Edouard Mendy,Chelsea,GK,,29,34,34,"3,060",90,0,0,0,0,0,3,0,0,0,0,0,0,0,0,0,0
Antonio Rüdiger,Chelsea,DF,,28,34,34,"3,035",89,3,0,3,0,0,9,0,0.09,0,0.09,2.8,2.8,1.1,0.08,0.03,0.12
Thiago Silva,Chelsea,DF,,36,32,28,"2,650",82,3,0,3,0,0,2,0,0.1,0,0.1,0.9,0.9,0.2,0.03,0.01,0.04
Mason Mount,Chelsea,MF,FW,22,32,27,"2,363",73,11,10,10,1,1,4,0,0.42,0.38,0.8,8.9,8.1,6.7,0.34,0.25,0.59
Jorginho,Chelsea,MF,,29,29,26,"2,273",78,6,2,0,6,7,5,0,0.24,0.08,0.32,5.7,0.4,2.8,0.23,0.11,0.34
Marcos Alonso,Chelsea,DF,,30,28,25,"2,167",77,4,4,4,0,0,8,0,0.17,0.17,0.33,3.3,3.3,4.6,0.14,0.19,0.33
César Azpilicueta,Chelsea,DF,,31,27,24,"2,070",76,1,2,1,0,0,3,0,0.04,0.09,0.13,1.2,1.2,2.1,0.05,0.09,0.14
Reece James,Chelsea,DF,,21,26,22,"1,864",71,5,9,5,0,0,4,1,0.24,0.43,0.68,2.6,2.6,5.7,0.12,0.28,0.4
Kai Havertz,Chelsea,FW,MF,22,29,22,"1,809",62,8,3,8,0,0,3,0,0.4,0.15,0.55,9.7,9.7,2,0.48,0.1,0.58
N'Golo Kanté,Chelsea,MF,,30,26,21,"1,773",68,2,4,2,0,0,2,0,0.1,0.2,0.3,1.8,1.8,2.3,0.09,0.12,0.21
Andreas Christensen,Chelsea,DF,,25,19,17,"1,496",78,0,0,0,0,0,2,0,0,0,0,0.4,0.4,0.2,0.03,0.01,0.04
Trevoh Chalobah,Chelsea,DF,,22,20,17,"1,449",72,3,1,3,0,0,2,0,0.19,0.06,0.25,1,1,0.2,0.06,0.01,0.08
Romelu Lukaku,Chelsea,FW,,28,26,16,"1,589",61,8,0,7,1,1,1,0,0.45,0,0.45,6.8,6.1,3,0.39,0.17,0.55
Mateo Kova?i?,Chelsea,MF,,27,25,16,"1,558",62,2,5,2,0,0,4,0,0.12,0.29,0.4,1.8,1.8,3.6,0.11,0.21,0.32
Timo Werner,Chelsea,FW,MF,25,21,15,"1,283",61,4,1,4,0,0,1,0,0.28,0.07,0.35,7.6,7.6,0.4,0.53,0.03,0.56
Hakim Ziyech,Chelsea,FW,MF,28,23,14,"1,319",57,4,3,4,0,0,3,0,0.27,0.2,0.48,3.4,3.4,3.5,0.23,0.24,0.47
Ruben Loftus-Cheek,Chelsea,MF,DF,25,24,13,"1,394",58,0,2,0,0,0,1,0,0,0.13,0.13,1.2,1.2,1.9,0.08,0.12,0.2
Christian Pulisic,Chelsea,MF,FW,22,22,13,"1,290",58,6,2,6,0,0,2,0,0.42,0.14,0.56,5.1,5.1,1.2,0.35,0.08,0.44
Callum Hudson-Odoi,Chelsea,FW,MF,20,15,11,962,64,1,2,1,0,0,1,0,0.09,0.19,0.28,2.1,2.1,2.3,0.2,0.21,0.41
Malang Sarr,Chelsea,DF,,22,8,6,546,68,0,0,0,0,0,2,0,0,0,0,0,0,0.4,0.01,0.06,0.07
Ben Chilwell,Chelsea,DF,,24,7,6,542,77,3,1,3,0,0,0,0,0.5,0.17,0.66,1.2,1.2,0.9,0.19,0.15,0.34
Saúl Ñíguez,Chelsea,MF,DF,26,10,5,480,48,0,0,0,0,0,1,0,0,0,0,0.2,0.2,0.3,0.04,0.06,0.1
Kepa Arrizabalaga,Chelsea,GK,,26,4,4,360,90,0,0,0,0,0,0,0,0,0,0,0,0,0,0,0,0
Ross Barkley,Chelsea,MF,,27,6,1,179,29,1,0,1,0,0,0,0,0.5,0,0.5,1.2,1.2,0.7,0.6,0.33,0.94
Kenedy,Chelsea,DF,,25,1,1,58,58,0,1,0,0,0,0,0,0,1.55,1.55,0.1,0.1,0.9,0.13,1.35,1.48
Emerson Palmieri,Chelsea,DF,,26,1,0,5,5,0,0,0,0,0,0,0,0,0,0,0,0,0,0,0,0
Tammy Abraham,Chelsea,FW,,23,0,0,,,,,,,,,,,,,,,,,,
Marcus Bettinelli,Chelsea,GK,,29,0,0,,,,,,,,,,,,,,,,,,
Lewis Hall,Chelsea,MF,,16,0,0,,,,,,,,,,,,,,,,,,
Harvey Vale,Chelsea,MF,,17,0,0,,,,,,,,,,,,,,,,,,
Kurt Zouma,Chelsea,DF,,26,0,0,,,,,,,,,,,,,,,,,,
Marc Guéhi,Crystal Palace,DF,,21,36,36,"3,222",89,2,1,2,0,0,4,0,0.06,0.03,0.08,1.9,1.9,0.5,0.05,0.01,0.07
Tyrick Mitchell,Crystal Palace,DF,,21,36,35,"3,101",86,0,2,0,0,0,1,0,0,0.06,0.06,0.3,0.3,1.3,0.01,0.04,0.05
Conor Gallagher,Crystal Palace,MF,,21,34,33,"2,845",83,8,3,8,0,0,10,0,0.25,0.09,0.35,5.8,5.8,3.5,0.18,0.11,0.29
Joachim Andersen,Crystal Palace,DF,,25,34,32,"2,916",85,0,3,0,0,0,4,0,0,0.09,0.09,0.6,0.6,2,0.02,0.06,0.08
Wilfried Zaha,Crystal Palace,FW,,28,33,31,"2,760",83,14,1,9,5,7,6,1,0.46,0.03,0.49,9.4,4,4.8,0.31,0.16,0.46
Vicente Guaita,Crystal Palace,GK,,34,30,30,"2,655",88,0,0,0,0,0,2,0,0,0,0,0,0,0,0,0,0
Joel Ward,Crystal Palace,DF,,31,28,27,"2,487",88,0,0,0,0,0,8,0,0,0,0,0.4,0.4,0.6,0.01,0.02,0.03
Jordan Ayew,Crystal Palace,FW,,29,31,23,"2,019",65,3,3,3,0,0,2,0,0.13,0.13,0.27,3.7,3.7,2.3,0.17,0.1,0.27
Cheikhou Kouyaté,Crystal Palace,MF,,31,27,23,"1,974",73,0,1,0,0,0,3,0,0,0.05,0.05,0.6,0.6,0.7,0.03,0.03,0.06
Jeffrey Schlupp,Crystal Palace,MF,FW,28,32,20,"1,851",57,4,1,4,0,0,1,0,0.19,0.05,0.24,3.1,3.1,1.8,0.15,0.09,0.24
Odsonne Édouard,Crystal Palace,FW,,23,28,18,"1,564",55,6,3,5,1,1,4,0,0.35,0.17,0.52,6.9,6.1,2.3,0.39,0.13,0.53
James McArthur,Crystal Palace,MF,,33,21,15,"1,439",68,0,3,0,0,0,4,0,0,0.19,0.19,0.3,0.3,1,0.02,0.06,0.08
Nathaniel Clyne,Crystal Palace,DF,,30,16,15,"1,351",84,0,1,0,0,0,1,0,0,0.07,0.07,0.1,0.1,0.5,0.01,0.03,0.04
Jean-Philippe Mateta,Crystal Palace,FW,,24,22,13,"1,145",52,5,1,5,0,0,2,0,0.39,0.08,0.47,5.5,5.5,1.3,0.43,0.11,0.54
Will Hughes,Crystal Palace,MF,,26,16,13,"1,053",65,0,1,0,0,0,6,0,0,0.09,0.09,0.2,0.2,0.7,0.01,0.06,0.07
Michael Olise,Crystal Palace,FW,MF,19,26,12,"1,141",43,2,5,2,0,0,4,0,0.16,0.39,0.55,1.4,1.4,3.4,0.11,0.27,0.38
Christian Benteke,Crystal Palace,FW,,30,25,11,"1,145",45,4,1,4,0,0,3,0,0.31,0.08,0.39,5.4,5.4,1.1,0.42,0.09,0.51
Luka Milivojevi?,Crystal Palace,MF,,30,15,9,774,51,0,0,0,0,0,1,0,0,0,0,0.2,0.2,0.8,0.03,0.09,0.12
Jack Butland,Crystal Palace,GK,,28,9,8,765,85,0,0,0,0,0,0,0,0,0,0,0,0,0,0,0,0
Eberechi Eze,Crystal Palace,MF,FW,23,13,6,605,46,1,1,1,0,0,1,0,0.15,0.15,0.3,0.5,0.5,0.9,0.08,0.13,0.21
James Tomkins,Crystal Palace,DF,,32,8,6,547,68,1,0,1,0,0,2,0,0.16,0,0.16,0.6,0.6,0.4,0.09,0.06,0.15
Jaïro Riedewald,Crystal Palace,MF,,24,3,1,118,39,0,0,0,0,0,0,0,0,0,0,0,0,0.1,0,0.06,0.06
Jesuran Rak Sakyi,Crystal Palace,FW,MF,18,2,1,80,40,0,0,0,0,0,0,0,0,0,0,0,0,0,0,0,0
Nathan Ferguson,Crystal Palace,DF,,20,1,0,9,9,0,0,0,0,0,0,0,0,0,0,0,0,0,0,0,0
Omotayo Adaramola,Crystal Palace,DF,,17,0,0,,,,,,,,,,,,,,,,,,
Scott Banks,Crystal Palace,MF,,19,0,0,,,,,,,,,,,,,,,,,,
Reece Hannam,Crystal Palace,DF,,20,0,0,,,,,,,,,,,,,,,,,,
Martin Kelly,Crystal Palace,DF,MF,31,0,0,,,,,,,,,,,,,,,,,,
Remi Matthews,Crystal Palace,GK,,27,0,0,,,,,,,,,,,,,,,,,,
Robert Street,Crystal Palace,FW,,19,0,0,,,,,,,,,,,,,,,,,,
Jordan Pickford,Everton,GK,,27,35,35,"3,150",90,0,0,0,0,0,2,0,0,0,0,0,0,0.1,0,0,0
Michael Keane,Everton,DF,,28,32,31,"2,792",87,3,2,3,0,0,4,1,0.1,0.06,0.16,1.2,1.2,0.6,0.04,0.02,0.06
Séamus Coleman,Everton,DF,,32,30,30,"2,656",88,1,0,1,0,0,4,0,0.03,0,0.03,1,1,1.1,0.03,0.04,0.07
Abdoulaye Doucouré,Everton,MF,,28,30,29,"2,537",84,2,4,2,0,0,6,0,0.07,0.14,0.21,2.7,2.7,2.2,0.1,0.08,0.17
Richarlison,Everton,FW,MF,24,30,28,"2,523",84,10,5,7,3,3,9,0,0.36,0.18,0.54,10.2,7.9,2.4,0.36,0.09,0.45
Demarai Gray,Everton,MF,FW,25,34,28,"2,338",68,5,4,5,0,0,3,0,0.19,0.15,0.35,4.5,4.5,4.3,0.17,0.16,0.34
Anthony Gordon,Everton,MF,FW,20,35,25,"2,285",65,4,2,4,0,0,4,0,0.16,0.08,0.24,3.4,3.4,3.3,0.13,0.13,0.26
Allan,Everton,MF,,30,28,25,"2,183",77,0,2,0,0,0,7,1,0,0.08,0.08,0.2,0.2,0.9,0.01,0.04,0.04
Mason Holgate,Everton,DF,,24,25,23,"2,134",85,2,1,2,0,0,7,1,0.08,0.04,0.13,1.1,1.1,0.1,0.05,0,0.05
Ben Godfrey,Everton,DF,,23,23,23,"2,029",88,0,0,0,0,0,6,0,0,0,0,1.1,1.1,0.7,0.05,0.03,0.08
Alex Iwobi,Everton,MF,DF,25,28,22,"2,035",72,2,2,2,0,0,1,0,0.09,0.09,0.18,1.7,1.7,2.8,0.07,0.13,0.2
Andros Townsend,Everton,MF,,30,21,17,"1,455",69,3,2,2,1,1,3,0,0.19,0.12,0.31,2.3,1.5,2.4,0.14,0.15,0.29
Dominic Calvert-Lewin,Everton,FW,,24,17,15,"1,283",75,5,2,3,2,3,2,0,0.35,0.14,0.49,6.8,4.6,1.8,0.48,0.13,0.61
Lucas Digne,Everton,DF,,28,13,13,"1,170",90,0,0,0,0,0,4,0,0,0,0,0.4,0.4,1.7,0.03,0.13,0.16
Vitaliy Mykolenko,Everton,DF,,22,13,12,"1,055",81,1,0,1,0,0,0,0,0.09,0,0.09,0.8,0.8,0.8,0.07,0.07,0.14
Jonjoe Kenny,Everton,DF,,24,15,11,"1,018",67,0,1,0,0,0,3,1,0,0.09,0.09,0.3,0.3,0.5,0.03,0.05,0.08
Yerry Mina,Everton,DF,,26,13,11,846,65,0,0,0,0,0,3,0,0,0,0,0.3,0.3,0,0.03,0,0.03
Salomón Rondón,Everton,FW,,31,20,8,790,39,1,1,1,0,0,3,1,0.11,0.11,0.23,2.2,2.2,0.7,0.25,0.09,0.33
Fabian Delph,Everton,MF,,31,11,8,662,60,0,0,0,0,0,2,0,0,0,0,0,0,0.1,0.01,0.01,0.02
André Gomes,Everton,MF,,28,14,7,619,44,0,1,0,0,0,3,0,0,0.15,0.15,0.7,0.7,0.2,0.1,0.03,0.13
Donny van de Beek,Everton,MF,,24,7,5,483,69,1,0,1,0,0,1,0,0.19,0,0.19,0.9,0.9,0.1,0.17,0.01,0.18
Jarrad Branthwaite,Everton,DF,,19,6,4,388,64,1,0,1,0,0,0,1,0.23,0,0.23,0.4,0.4,0,0.1,0,0.1
Asmir Begovi?,Everton,GK,,34,3,3,270,90,0,0,0,0,0,0,0,0,0,0,0,0,0,0,0,0
Tom Davies,Everton,MF,,23,6,2,234,39,1,0,1,0,0,1,0,0.38,0,0.38,0.9,0.9,0,0.35,0,0.35
Dele Alli,Everton,MF,,25,11,1,338,30,0,0,0,0,0,3,0,0,0,0,0.1,0.1,0.3,0.02,0.09,0.11
Jean-Philippe Gbamin,Everton,MF,,25,3,1,67,22,0,0,0,0,0,0,0,0,0,0,0,0,0,0,0,0
Ellis Simms,Everton,FW,,20,1,1,61,61,0,0,0,0,0,0,0,0,0,0,0,0,0,0,0,0
Lewis Dobbin,Everton,FW,MF,18,3,0,32,10,0,0,0,0,0,1,0,0,0,0,0,0,0,0,0,0
Tyler Onyango,Everton,MF,FW,18,3,0,28,9,0,0,0,0,0,0,0,0,0,0,0,0,0,0.1,0,0.1
Isaac Price,Everton,MF,,17,1,0,14,14,0,0,0,0,0,0,0,0,0,0,0.2,0.2,0,1.03,0,1.03
Anwar El Ghazi,Everton,FW,,26,2,0,13,6,0,0,0,0,0,0,0,0,0,0,0,0,0,0,0,0
Cenk Tosun,Everton,FW,,30,1,0,7,7,0,0,0,0,0,0,0,0,0,0,0,0,0,0,0,0
Moise Kean,Everton,FW,,21,1,0,1,1,0,0,0,0,0,0,0,0,0,0,0,0,0,0,0,0
Nathan Broadhead,Everton,FW,MF,23,0,0,,,,,,,,,,,,,,,,,,
Andy Lonergan,Everton,GK,,37,0,0,,,,,,,,,,,,,,,,,,
Niels Nkounkou,Everton,DF,,20,0,0,,,,,,,,,,,,,,,,,,
Nathan Patterson,Everton,DF,,19,0,0,,,,,,,,,,,,,,,,,,
Harry Tyrer,Everton,GK,,19,0,0,,,,,,,,,,,,,,,,,,
Reece Welch,Everton,DF,,17,0,0,,,,,,,,,,,,,,,,,,
Charlie Whitaker,Everton,MF,,17,0,0,,,,,,,,,,,,,,,,,,
Illan Meslier,Leeds United,GK,,21,38,38,"3,384",89,0,0,0,0,0,2,0,0,0,0,0,0,0,0,0,0
Stuart Dallas,Leeds United,DF,MF,30,34,34,"2,919",85,1,1,1,0,0,5,0,0.03,0.03,0.06,2,2,2.4,0.06,0.07,0.13
Raphael Dias Belloli,Leeds United,FW,MF,24,35,34,"2,915",83,11,3,7,4,4,7,0,0.34,0.09,0.43,11.2,8.2,6.8,0.35,0.21,0.56
Jack Harrison,Leeds United,FW,MF,24,35,32,"2,639",75,8,1,8,0,0,3,0,0.27,0.03,0.31,4,4,2.6,0.14,0.09,0.22
Daniel James,Leeds United,FW,MF,23,32,29,"2,366",73,4,4,4,0,0,7,1,0.15,0.15,0.3,5.7,5.7,2.4,0.22,0.09,0.31
Diego Llorente,Leeds United,DF,,27,28,28,"2,340",83,3,0,3,0,0,7,0,0.12,0,0.12,1.4,1.4,0.1,0.05,0,0.05
Rodrigo,Leeds United,MF,FW,30,31,27,"2,265",73,6,1,5,1,1,9,0,0.24,0.04,0.28,4.9,4.1,4.6,0.19,0.18,0.38
Luke Ayling,Leeds United,DF,,29,26,26,"2,272",87,2,2,2,0,0,4,1,0.08,0.08,0.16,1.6,1.6,0.8,0.06,0.03,0.1
Mateusz Klich,Leeds United,MF,,31,33,26,"2,073",62,1,2,1,0,0,5,0,0.04,0.09,0.13,2.7,2.7,2.2,0.12,0.09,0.21
Pascal Struijk,Leeds United,DF,,21,29,22,"2,055",70,1,0,1,0,0,6,1,0.04,0,0.04,1.3,1.3,0.3,0.06,0.01,0.07
Liam Cooper,Leeds United,DF,,29,21,21,"1,814",86,0,1,0,0,0,5,0,0,0.05,0.05,0.3,0.3,0.1,0.02,0,0.02
Junior Firpo,Leeds United,DF,,24,24,19,"1,711",71,0,2,0,0,0,11,0,0,0.11,0.11,0.9,0.9,2.6,0.05,0.13,0.18
Kalvin Phillips,Leeds United,MF,,25,20,18,"1,596",79,0,1,0,0,0,4,0,0,0.06,0.06,0.6,0.6,0.2,0.04,0.01,0.05
Robin Koch,Leeds United,MF,DF,25,20,17,"1,574",78,0,0,0,0,0,3,0,0,0,0,0.7,0.7,0.5,0.04,0.03,0.07
Adam Forshaw,Leeds United,MF,,29,22,17,"1,530",69,0,1,0,0,0,5,0,0,0.06,0.06,0.4,0.4,1.1,0.02,0.07,0.09
Tyler Roberts,Leeds United,MF,FW,22,23,7,987,42,1,1,1,0,0,5,0,0.09,0.09,0.18,2.4,2.4,1.2,0.22,0.11,0.34
Jamie Shackleton,Leeds United,DF,MF,21,14,7,709,50,0,0,0,0,0,4,0,0,0,0,0.2,0.2,0,0.02,0.01,0.03
Patrick Bamford,Leeds United,FW,,27,9,7,559,62,2,2,2,0,0,2,0,0.32,0.32,0.64,3.9,3.9,1,0.63,0.15,0.78
Joe Gelhardt,Leeds United,FW,MF,19,20,5,746,37,2,2,2,0,0,4,0,0.24,0.24,0.48,3.1,3.1,1.5,0.38,0.19,0.56
Sam Greenwood,Leeds United,MF,FW,19,7,1,237,33,0,2,0,0,0,0,0,0,0.76,0.76,0.4,0.4,0.7,0.14,0.28,0.42
Lewis Bate,Leeds United,MF,,18,3,1,146,48,0,0,0,0,0,0,0,0,0,0,0,0,0,0.01,0,0.01
Charlie Cresswell,Leeds United,DF,,18,5,1,141,28,0,0,0,0,0,1,0,0,0,0,0.1,0.1,0,0.05,0,0.05
Cody Drameh,Leeds United,DF,,19,3,1,128,42,0,0,0,0,0,1,0,0,0,0,0,0,0,0,0.01,0.01
Leo Fuhr Hjelde,Leeds United,DF,,17,2,0,150,75,0,0,0,0,0,0,0,0,0,0,0,0,0,0,0.02,0.02
Crysencio Summerville,Leeds United,MF,FW,19,6,0,130,21,0,0,0,0,0,0,0,0,0,0,0.3,0.3,0.1,0.18,0.03,0.21
Kristoffer Klaesson,Leeds United,GK,,20,1,0,36,36,0,0,0,0,0,0,0,0,0,0,0,0,0,0,0,0
Hélder Costa,Leeds United,MF,,27,1,0,22,22,0,0,0,0,0,0,0,0,0,0,0,0,0,0.11,0,0.11
Liam McCarron,Leeds United,FW,,20,1,0,10,10,0,0,0,0,0,0,0,0,0,0,0,0,0,0,0,0
Stuart McKinstry,Leeds United,MF,,18,1,0,4,4,0,0,0,0,0,0,0,0,0,0,0,0,0,0,0,0
Nohan Kenneh,Leeds United,DF,,18,0,0,,,0,0,0,0,0,1,0,,,,,,,,,
Archie Gray,Leeds United,MF,,15,0,0,,,,,,,,,,,,,,,,,,
Jack Jenkins,Leeds United,MF,,19,0,0,,,,,,,,,,,,,,,,,,
Kris Moore,Leeds United,MF,,,0,0,,,,,,,,,,,,,,,,,,
Kasper Schmeichel,Leicester City,GK,,34,37,37,"3,330",90,0,0,0,0,0,2,0,0,0,0,0,0,0,0,0,0
Youri Tielemans,Leicester City,MF,,24,32,29,"2,631",82,6,4,4,2,2,3,0,0.21,0.14,0.34,4.6,3.1,4.9,0.16,0.17,0.32
Ça?lar Söyüncü,Leicester City,DF,,25,28,28,"2,497",89,1,0,1,0,0,5,0,0.04,0,0.04,1.4,1.4,0.1,0.05,0,0.05
James Maddison,Leicester City,MF,FW,24,35,28,"2,459",70,12,8,12,0,0,3,0,0.44,0.29,0.73,8.2,8.2,4.8,0.3,0.18,0.48
Harvey Barnes,Leicester City,FW,MF,23,32,24,"2,101",65,6,10,6,0,0,2,0,0.26,0.43,0.69,6.8,6.8,4,0.29,0.17,0.46
Daniel Amartey,Leicester City,DF,,26,28,23,"2,123",75,0,0,0,0,0,4,0,0,0,0,0,0,0.2,0,0.01,0.01
Kiernan Dewsbury Hall,Leicester City,MF,,22,28,23,"2,105",75,1,3,1,0,0,4,0,0.04,0.13,0.17,1.3,1.3,3,0.06,0.13,0.18
Timothy Castagne,Leicester City,DF,,25,27,22,"2,127",78,1,0,1,0,0,1,0,0.04,0,0.04,0.8,0.8,1.3,0.03,0.05,0.09
Luke Thomas,Leicester City,DF,,20,22,21,"1,912",86,0,1,0,0,0,2,0,0,0.05,0.05,0.2,0.2,1.6,0.01,0.07,0.08
Jamie Vardy,Leicester City,FW,,34,25,20,"1,806",72,15,2,15,0,0,2,0,0.75,0.1,0.85,9.5,9.5,1.6,0.47,0.08,0.55
Wilfred Ndidi,Leicester City,MF,DF,24,19,18,"1,618",85,0,0,0,0,0,4,0,0,0,0,1,1,0,0.06,0,0.06
Ademola Lookman,Leicester City,FW,MF,23,26,16,"1,453",55,6,0,6,0,0,2,0,0.37,0,0.37,5.1,5.1,1.9,0.31,0.12,0.43
Jonny Evans,Leicester City,DF,,33,18,16,"1,348",74,1,1,1,0,0,3,0,0.07,0.07,0.13,0.7,0.7,0.6,0.05,0.04,0.09
Kelechi Iheanacho,Leicester City,FW,,24,26,13,"1,264",48,4,5,4,0,0,1,0,0.28,0.36,0.64,3.4,3.4,2.7,0.25,0.19,0.44
Patson Daka,Leicester City,FW,,22,23,13,"1,159",50,5,3,5,0,0,2,0,0.39,0.23,0.62,4.7,4.7,1.8,0.36,0.14,0.51
Ricardo Pereira,Leicester City,DF,,27,14,13,991,70,1,3,1,0,0,3,0,0.09,0.27,0.36,0.7,0.7,1.3,0.06,0.12,0.18
Boubakary Soumaré,Leicester City,MF,,22,19,12,"1,102",58,0,1,0,0,0,0,0,0,0.08,0.08,0.4,0.4,0.4,0.03,0.03,0.06
Nampalys Mendy,Leicester City,MF,,29,14,12,"1,032",73,0,0,0,0,0,3,0,0,0,0,0,0,0,0,0,0
Marc Albrighton,Leicester City,FW,DF,31,17,11,"1,132",66,1,2,1,0,0,3,0,0.08,0.16,0.24,0.5,0.5,1.7,0.04,0.13,0.18
James Justin,Leicester City,DF,,23,13,11,998,76,0,0,0,0,0,0,0,0,0,0,0.6,0.6,1,0.06,0.09,0.14
Wesley Fofana,Leicester City,DF,,20,7,7,630,90,0,0,0,0,0,2,0,0,0,0,0.2,0.2,0,0.03,0,0.04
Jannik Vestergaard,Leicester City,DF,,28,10,6,567,56,0,0,0,0,0,2,0,0,0,0,0.1,0.1,0,0.01,0.01,0.01
Ayoze Pérez,Leicester City,MF,FW,28,14,6,445,31,2,3,2,0,0,0,1,0.4,0.61,1.01,1.5,1.5,0.9,0.31,0.18,0.49
Ryan Bertrand,Leicester City,DF,,31,4,4,337,84,0,0,0,0,0,1,0,0,0,0,0,0,0.3,0,0.08,0.08
Hamza Choudhury,Leicester City,DF,MF,23,6,4,285,47,0,0,0,0,0,1,0,0,0,0,0,0,0,0.01,0,0.01
Danny Ward,Leicester City,GK,,28,1,1,90,90,0,0,0,0,0,0,0,0,0,0,0,0,0,0,0,0
Lewis Brunt,Leicester City,MF,,20,1,0,24,24,0,0,0,0,0,0,0,0,0,0,0,0,0,0,0,0
Kasey McAteer,Leicester City,FW,,19,1,0,3,3,0,0,0,0,0,0,0,0,0,0,0,0,0,0,0,0
Vontae Daley Campbell,Leicester City,DF,,20,0,0,,,,,,,,,,,,,,,,,,
Eldin Jakupovi?,Leicester City,GK,,36,0,0,,,,,,,,,,,,,,,,,,
Benjamin Nelson,Leicester City,DF,,17,0,0,,,,,,,,,,,,,,,,,,
Dennis Praet,Leicester City,MF,,27,0,0,,,,,,,,,,,,,,,,,,
Alisson,Liverpool,GK,,28,36,36,"3,240",90,0,1,0,0,0,0,0,0,0.03,0.03,0,0,0.4,0,0.01,0.01
Virgil van Dijk,Liverpool,DF,,30,34,34,"3,060",90,3,1,3,0,0,3,0,0.09,0.03,0.12,2.4,2.4,0.4,0.07,0.01,0.08
Trent Alexander-Arnold,Liverpool,DF,,22,32,32,"2,853",89,2,12,2,0,0,2,0,0.06,0.38,0.44,2.7,2.7,11.2,0.08,0.35,0.44
Sadio Mané,Liverpool,FW,,29,34,32,"2,819",82,16,2,16,0,0,5,0,0.51,0.06,0.57,16.7,16.7,4.4,0.53,0.14,0.67
Joël Matip,Liverpool,DF,,29,31,31,"2,790",90,3,3,3,0,0,2,0,0.1,0.1,0.19,3.1,3.1,1.2,0.1,0.04,0.14
Mohamed Salah,Liverpool,FW,,29,35,30,"2,762",78,23,13,18,5,6,1,0,0.75,0.42,1.17,21.8,17,10.4,0.71,0.34,1.05
Jordan Henderson,Liverpool,MF,,31,35,29,"2,597",74,2,5,2,0,0,3,0,0.07,0.17,0.24,1.5,1.5,3.8,0.05,0.13,0.18
Andrew Robertson,Liverpool,DF,,27,29,29,"2,537",87,3,10,3,0,0,5,1,0.11,0.35,0.46,1.9,1.9,5.2,0.07,0.18,0.25
Diogo Jota,Liverpool,FW,,24,35,27,"2,364",67,15,4,15,0,0,3,0,0.57,0.15,0.72,16.1,16.1,5.5,0.61,0.21,0.82
Fabinho,Liverpool,MF,,27,29,26,"2,314",79,5,1,3,2,2,7,0,0.19,0.04,0.23,3.4,1.9,1.4,0.13,0.05,0.19
Thiago Alcántara,Liverpool,MF,,30,25,17,"1,534",61,1,4,1,0,0,2,0,0.06,0.23,0.29,1.8,1.8,2.3,0.11,0.14,0.25
Naby Keïta,Liverpool,MF,,26,23,14,"1,173",51,3,1,3,0,0,3,0,0.23,0.08,0.31,2.3,2.3,1.6,0.18,0.12,0.3
Ibrahima Konaté,Liverpool,DF,,22,11,11,990,90,0,0,0,0,0,2,0,0,0,0,0.3,0.3,0.1,0.02,0.01,0.03
Luis Díaz,Liverpool,FW,,24,13,11,958,73,4,3,4,0,0,0,0,0.38,0.28,0.66,4.5,4.5,1.8,0.42,0.17,0.59
Roberto Firmino,Liverpool,FW,,29,20,10,990,49,5,4,5,0,0,3,0,0.45,0.36,0.82,5,5,2.4,0.46,0.22,0.67
Curtis Jones,Liverpool,MF,,20,15,10,851,56,1,1,1,0,0,0,0,0.11,0.11,0.21,0.9,0.9,0.6,0.1,0.07,0.16
Kostas Tsimikas,Liverpool,DF,,25,13,9,877,67,0,2,0,0,0,3,0,0,0.21,0.21,0.5,0.5,2.6,0.06,0.26,0.32
James Milner,Liverpool,MF,DF,35,24,9,853,35,0,1,0,0,0,2,0,0,0.11,0.11,0.3,0.3,2.2,0.03,0.23,0.26
Alex Oxlade-Chamberlain,Liverpool,MF,FW,27,17,9,785,46,2,1,2,0,0,0,0,0.23,0.11,0.34,1.2,1.2,0.9,0.14,0.11,0.24
Harvey Elliott,Liverpool,MF,,18,6,4,346,57,0,0,0,0,0,0,0,0,0,0,0.9,0.9,0.5,0.23,0.12,0.35
Joe Gomez,Liverpool,DF,,24,8,4,331,41,0,1,0,0,0,2,0,0,0.27,0.27,0,0,0.5,0,0.13,0.13
Caoimhín Kelleher,Liverpool,GK,,22,2,2,180,90,0,0,0,0,0,0,0,0,0,0,0,0,0,0,0,0
Takumi Minamino,Liverpool,FW,MF,26,11,1,186,16,3,0,3,0,0,1,0,1.45,0,1.45,1.8,1.8,0.5,0.88,0.25,1.13
Tyler Morton,Liverpool,MF,,18,2,1,66,33,0,0,0,0,0,1,0,0,0,0,0,0,0,0,0,0
Divock Origi,Liverpool,FW,,26,7,0,133,19,3,0,3,0,0,0,0,2.03,0,2.03,1.6,1.6,0,1.08,0,1.08
Kaide Gordon,Liverpool,FW,,16,1,0,9,9,0,0,0,0,0,0,0,0,0,0,0.4,0.4,0,4.48,0,4.48
Neco Williams,Liverpool,DF,,20,1,0,8,8,0,1,0,0,0,0,0,0,11.25,11.25,0,0,0.6,0,6.5,6.5
Adrián,Liverpool,GK,,34,0,0,,,,,,,,,,,,,,,,,,
Owen Beck,Liverpool,DF,,18,0,0,,,,,,,,,,,,,,,,,,
Conor Bradley,Liverpool,DF,,18,0,0,,,,,,,,,,,,,,,,,,
Nathaniel Phillips,Liverpool,DF,,24,0,0,,,,,,,,,,,,,,,,,,
Marcelo Pitaluga,Liverpool,GK,,18,0,0,,,,,,,,,,,,,,,,,,
Jarrell Quansah,Liverpool,DF,,18,0,0,,,,,,,,,,,,,,,,,,
Rhys Williams,Liverpool,DF,,20,0,0,,,,,,,,,,,,,,,,,,
Ben Woodburn,Liverpool,FW,MF,21,0,0,,,,,,,,,,,,,,,,,,
Ederson,Manchester City,GK,,27,37,37,"3,330",90,0,0,0,0,0,3,0,0,0,0,0,0,0.1,0,0,0
João Cancelo,Manchester City,DF,,27,36,36,"3,227",89,1,7,1,0,0,7,0,0.03,0.2,0.22,4.1,4.1,5.1,0.12,0.14,0.26
Rodri,Manchester City,MF,,25,33,33,"2,884",87,7,2,7,0,0,5,0,0.22,0.06,0.28,2.7,2.7,1.4,0.08,0.04,0.13
Bernardo Silva,Manchester City,MF,FW,26,35,33,"2,857",81,8,4,8,0,0,6,0,0.25,0.13,0.38,6.8,6.8,5.2,0.21,0.16,0.38
Aymeric Laporte,Manchester City,DF,,27,33,33,"2,828",85,4,0,4,0,0,5,1,0.13,0,0.13,4.4,4.4,0.5,0.14,0.02,0.16
Rúben Dias,Manchester City,DF,,24,29,27,"2,402",82,2,4,2,0,0,5,0,0.07,0.15,0.22,2.2,2.2,2.4,0.08,0.09,0.17
Kevin De Bruyne,Manchester City,MF,,30,30,25,"2,201",73,15,8,15,0,0,2,0,0.61,0.33,0.94,6.4,6.4,9.5,0.26,0.39,0.65
Phil Foden,Manchester City,FW,,21,28,24,"2,128",76,9,5,9,0,0,1,0,0.38,0.21,0.59,9.1,9.1,6.6,0.38,0.28,0.66
Raheem Sterling,Manchester City,FW,,26,30,23,"2,128",70,13,5,11,2,3,1,0,0.55,0.21,0.76,14.4,12,4.6,0.61,0.2,0.81
Jack Grealish,Manchester City,FW,,25,26,22,"1,914",73,3,3,3,0,0,3,0,0.14,0.14,0.28,4.8,4.8,6.3,0.22,0.3,0.52
Gabriel Jesus,Manchester City,FW,,24,28,21,"1,877",67,8,8,7,1,1,1,0,0.38,0.38,0.77,10.1,9.4,5.4,0.49,0.26,0.74
lkay Gündogan,Manchester City,MF,,30,27,20,"1,857",68,8,4,8,0,0,1,0,0.39,0.19,0.58,8.6,8.6,4.2,0.42,0.2,0.62
Kyle Walker,Manchester City,DF,,31,20,20,"1,755",87,0,2,0,0,0,1,0,0,0.1,0.1,0.3,0.3,1.2,0.01,0.06,0.07
Riyad Mahrez,Manchester City,FW,,30,28,15,"1,498",53,11,5,7,4,5,0,0,0.66,0.3,0.96,10.1,6.3,3.7,0.61,0.22,0.83
John Stones,Manchester City,DF,,27,14,12,"1,119",79,1,0,1,0,0,0,0,0.08,0,0.08,1,1,0.1,0.08,0.01,0.09
Oleksandr Zinchenko,Manchester City,DF,,24,15,10,"1,047",69,0,4,0,0,0,0,0,0,0.34,0.34,0.4,0.4,2,0.04,0.18,0.21
Fernandinho,Manchester City,MF,DF,36,19,10,964,50,2,1,2,0,0,1,0,0.19,0.09,0.28,1.6,1.6,0.9,0.15,0.08,0.24
Nathan Aké,Manchester City,DF,,26,14,10,923,65,2,0,2,0,0,0,0,0.2,0,0.2,1.1,1.1,0.5,0.11,0.05,0.16
Ferrán Torres,Manchester City,FW,,21,4,4,303,75,2,1,2,0,0,0,0,0.59,0.3,0.89,2.5,2.5,0,0.74,0.01,0.75
Cole Palmer,Manchester City,FW,MF,19,4,1,123,30,0,0,0,0,0,0,0,0,0,0,0.3,0.3,0.2,0.23,0.17,0.39
Zack Steffen,Manchester City,GK,,26,1,1,90,90,0,0,0,0,0,0,0,0,0,0,0,0,0,0,0,0
Benjamin Mendy,Manchester City,DF,,27,1,1,78,78,0,0,0,0,0,0,0,0,0,0,0,0,0.3,0,0.3,0.3
James Mcatee,Manchester City,MF,FW,18,2,0,20,10,0,0,0,0,0,0,0,0,0,0,0,0,0,0.19,0,0.19
Liam Delap,Manchester City,FW,,18,1,0,10,10,0,0,0,0,0,0,0,0,0,0,0,0,0,0,0,0
Kayky Chagas,Manchester City,FW,,18,1,0,7,7,0,0,0,0,0,0,0,0,0,0,0,0,0,0,0,0
CJ Egan-Riley,Manchester City,DF,,18,1,0,4,4,0,0,0,0,0,0,0,0,0,0,0,0,0,0,0,0
Scott Carson,Manchester City,GK,,35,0,0,,,,,,,,,,,,,,,,,,
Thomas Doyle,Manchester City,MF,,19,0,0,,,,,,,,,,,,,,,,,,
Samuel Edozie,Manchester City,FW,,18,0,0,,,,,,,,,,,,,,,,,,
Roméo Lavia,Manchester City,MF,,17,0,0,,,,,,,,,,,,,,,,,,
Luke Mbete-Tatu,Manchester City,DF,,20,0,0,,,,,,,,,,,,,,,,,,
Cieran Slicker,Manchester City,GK,,18,0,0,,,,,,,,,,,,,,,,,,
Josh Wilson-Esbrand,Manchester City,DF,,18,0,0,,,,,,,,,,,,,,,,,,
David de Gea,Manchester United,GK,,30,38,38,"3,420",90,0,0,0,0,0,0,0,0,0,0,0,0,0,0,0,0
Bruno Fernandes,Manchester United,MF,,26,36,35,"3,111",86,10,6,10,0,2,10,0,0.29,0.17,0.46,9.7,8.2,8.4,0.28,0.24,0.53
Harry Maguire,Manchester United,DF,,28,30,28,"2,515",83,1,0,1,0,0,9,1,0.04,0,0.04,1.7,1.7,0.2,0.06,0.01,0.07
Scott McTominay,Manchester United,MF,,24,30,28,"2,387",79,1,1,1,0,0,9,0,0.04,0.04,0.08,1.5,1.5,1.8,0.06,0.07,0.12
Cristiano Ronaldo,Manchester United,FW,,36,30,27,"2,456",81,18,3,15,3,3,8,0,0.66,0.11,0.77,16.5,14.2,3.1,0.61,0.11,0.72
Victor Lindelöf,Manchester United,DF,,27,28,26,"2,355",84,0,2,0,0,0,4,0,0,0.08,0.08,0.3,0.3,0.5,0.01,0.02,0.03
Fred,Manchester United,MF,,28,28,24,"2,028",72,4,4,4,0,0,5,0,0.18,0.18,0.36,1.5,1.5,2,0.07,0.09,0.15
Jadon Sancho,Manchester United,FW,MF,21,29,20,"1,900",65,3,3,3,0,0,0,0,0.14,0.14,0.28,3.3,3.3,4.2,0.16,0.2,0.36
Raphaël Varane,Manchester United,DF,,28,22,20,"1,831",83,1,1,1,0,0,0,0,0.05,0.05,0.1,0.8,0.8,0.2,0.04,0.01,0.05
Aaron Wan-Bissaka,Manchester United,DF,,23,20,20,"1,793",89,0,0,0,0,0,2,0,0,0,0,0.2,0.2,0.9,0.01,0.05,0.06
Diogo Dalot,Manchester United,DF,,22,24,19,"1,801",75,0,0,0,0,0,4,0,0,0,0,0.7,0.7,1,0.03,0.05,0.08
Luke Shaw,Manchester United,DF,,26,20,19,"1,601",80,0,3,0,0,0,8,0,0,0.17,0.17,0.2,0.2,3.2,0.01,0.18,0.19
Alex Telles,Manchester United,DF,,28,21,18,"1,660",79,0,4,0,0,0,1,0,0,0.22,0.22,0.5,0.5,2,0.03,0.11,0.13
Nemanja Mati?,Manchester United,MF,,32,23,16,"1,382",60,0,4,0,0,0,3,0,0,0.26,0.26,0.2,0.2,1.8,0.01,0.12,0.13
Paul Pogba,Manchester United,MF,FW,28,20,16,"1,349",67,1,9,1,0,0,7,1,0.07,0.6,0.67,2.4,2.4,3.5,0.16,0.24,0.4
Mason Greenwood,Manchester United,FW,MF,19,18,16,"1,271",70,5,1,5,0,0,1,0,0.35,0.07,0.42,4.4,4.4,1.6,0.31,0.11,0.42
Anthony Elanga,Manchester United,FW,,19,21,14,"1,214",57,2,2,2,0,0,0,0,0.15,0.15,0.3,3,3,1.8,0.22,0.14,0.35
Marcus Rashford,Manchester United,FW,MF,23,25,13,"1,235",49,4,2,4,0,0,2,0,0.29,0.15,0.44,2.4,2.4,2,0.18,0.14,0.32
Edinson Cavani,Manchester United,FW,,34,15,7,766,51,2,1,2,0,0,0,0,0.23,0.12,0.35,3.4,3.4,1.4,0.39,0.16,0.55
Eric Bailly,Manchester United,DF,,27,4,3,217,54,0,0,0,0,0,1,0,0,0,0,0,0,0,0,0,0
Jesse Lingard,Manchester United,FW,MF,28,16,2,367,22,2,0,2,0,0,1,0,0.49,0,0.49,0.7,0.7,0.4,0.17,0.1,0.26
Juan Mata,Manchester United,MF,,33,7,2,235,33,0,0,0,0,0,0,0,0,0,0,0.3,0.3,0.2,0.11,0.06,0.17
Anthony Martial,Manchester United,FW,,25,8,2,212,26,1,0,1,0,0,0,0,0.42,0,0.42,0.4,0.4,0.1,0.19,0.06,0.25
Phil Jones,Manchester United,DF,,29,4,2,163,40,0,0,0,0,0,0,0,0,0,0,0,0,0,0,0.01,0.01
Daniel James,Manchester United,FW,,23,2,2,126,63,0,0,0,0,0,0,0,0,0,0,0.2,0.2,0,0.17,0.01,0.19
Hannibal Mejbri,Manchester United,FW,,18,2,1,68,34,0,0,0,0,0,2,0,0,0,0,0.1,0.1,0,0.12,0,0.12
Donny van de Beek,Manchester United,MF,,24,8,0,75,9,1,0,1,0,0,0,0,1.2,0,1.2,0.7,0.7,0.5,0.88,0.58,1.46
Shola Shoretire,Manchester United,FW,,17,1,0,16,16,0,0,0,0,0,0,0,0,0,0,0,0,0,0,0,0
Alejandro Garnacho,Manchester United,FW,,17,2,0,13,6,0,0,0,0,0,0,0,0,0,0,0,0,0,0,0,0
Amad Diallo,Manchester United,FW,,19,0,0,,,,,,,,,,,,,,,,,,
Álvaro Fernández,Manchester United,DF,,18,0,0,,,,,,,,,,,,,,,,,,
Tom Heaton,Manchester United,GK,,35,0,0,,,,,,,,,,,,,,,,,,
Dean Henderson,Manchester United,GK,,24,0,0,,,,,,,,,,,,,,,,,,
Andreas Pereira,Manchester United,MF,,25,0,0,,,,,,,,,,,,,,,,,,
Charlie Savage,Manchester United,MF,,18,0,0,,,,,,,,,,,,,,,,,,
Brandon Williams,Manchester United,DF,,20,0,0,,,,,,,,,,,,,,,,,,
Allan Saint-Maximin,Newcastle United,FW,MF,24,35,31,"2,804",80,5,5,5,0,0,6,0,0.16,0.16,0.32,5.1,5.1,5.8,0.16,0.19,0.35
Joelinton,Newcastle United,MF,FW,24,35,30,"2,558",73,4,1,4,0,0,8,0,0.14,0.04,0.18,4.1,4.1,1.8,0.15,0.06,0.21
Martin Dúbravka,Newcastle United,GK,,32,26,26,"2,340",90,0,0,0,0,0,1,0,0,0,0,0,0,0.1,0,0,0
Fabian Schär,Newcastle United,DF,,29,25,25,"2,158",86,2,2,2,0,0,4,0,0.08,0.08,0.17,1.3,1.3,0.6,0.06,0.03,0.08
Joe Willock,Newcastle United,MF,,21,29,24,"2,038",70,2,0,2,0,0,0,0,0.09,0,0.09,3.6,3.6,1.2,0.16,0.05,0.21
Jamaal Lascelles,Newcastle United,DF,,27,26,22,"2,058",79,1,0,1,0,0,5,0,0.04,0,0.04,1.1,1.1,0.3,0.05,0.01,0.06
Jonjo Shelvey,Newcastle United,MF,,29,24,22,"1,983",82,2,1,2,0,0,7,1,0.09,0.05,0.14,0.9,0.9,0.8,0.04,0.04,0.08
Miguel Almirón,Newcastle United,MF,FW,27,30,19,"1,716",57,1,0,1,0,0,2,0,0.05,0,0.05,2.1,2.1,0.7,0.11,0.03,0.14
Emil Krafth,Newcastle United,DF,,26,20,18,"1,634",81,0,1,0,0,0,5,0,0,0.06,0.06,0.2,0.2,0.8,0.01,0.04,0.06
Ryan Fraser,Newcastle United,FW,MF,27,27,18,"1,465",54,2,3,2,0,0,3,0,0.12,0.18,0.31,2.8,2.8,2.2,0.17,0.14,0.31
Dan Burn,Newcastle United,DF,,29,16,16,"1,440",90,0,1,0,0,0,4,0,0,0.06,0.06,0.5,0.5,0.1,0.03,0.01,0.04
Matt Targett,Newcastle United,DF,,25,16,16,"1,440",90,0,0,0,0,0,1,0,0,0,0,0.3,0.3,1.6,0.02,0.1,0.12
Callum Wilson,Newcastle United,FW,,29,18,16,"1,386",77,8,0,6,2,2,4,0,0.52,0,0.52,6.5,5,0.6,0.42,0.04,0.46
Sean Longstaff,Newcastle United,MF,,23,24,15,"1,464",61,1,1,1,0,0,1,0,0.06,0.06,0.12,1.2,1.2,0.7,0.07,0.04,0.12
Chris Wood,Newcastle United,FW,,29,17,15,"1,327",78,2,0,1,1,1,0,0,0.14,0,0.14,2.9,2.1,1,0.19,0.07,0.26
Javier Manquillo,Newcastle United,DF,,27,19,15,"1,257",66,1,2,1,0,0,5,0,0.07,0.14,0.21,0.5,0.5,0.3,0.03,0.02,0.06
Matt Ritchie,Newcastle United,DF,,31,18,14,"1,337",74,0,2,0,0,0,5,0,0,0.13,0.13,0.4,0.4,1.6,0.03,0.11,0.14
Jacob Murphy,Newcastle United,FW,DF,26,33,13,"1,473",44,1,2,1,0,0,4,0,0.06,0.12,0.18,2.9,2.9,2.1,0.18,0.13,0.31
Ciaran Clark,Newcastle United,DF,,31,13,12,"1,014",78,0,1,0,0,0,2,1,0,0.09,0.09,0.8,0.8,0.3,0.07,0.03,0.1
Isaac Hayden,Newcastle United,MF,DF,26,14,12,"1,002",71,1,0,1,0,0,5,0,0.09,0,0.09,0.4,0.4,0.1,0.04,0.01,0.05
Bruno Guimarães,Newcastle United,MF,,23,17,11,"1,034",60,5,1,5,0,0,4,0,0.44,0.09,0.52,2.9,2.9,1.8,0.25,0.16,0.41
Karl Darlow,Newcastle United,GK,,30,8,8,720,90,0,0,0,0,0,1,0,0,0,0,0,0,0,0,0,0
Federico Fernández,Newcastle United,DF,,32,7,5,523,74,0,0,0,0,0,0,0,0,0,0,0.4,0.4,0.3,0.07,0.06,0.13
Kieran Trippier,Newcastle United,DF,,30,6,5,429,71,2,0,2,0,0,0,0,0.42,0,0.42,0.1,0.1,0.4,0.03,0.09,0.12
Freddie Woodman,Newcastle United,GK,,24,4,4,360,90,0,0,0,0,0,0,0,0,0,0,0,0,0,0,0,0
Jamal Lewis,Newcastle United,DF,,23,5,4,262,52,0,0,0,0,0,1,0,0,0,0,0,0,0,0,0.01,0.01
Paul Dummett,Newcastle United,DF,,29,3,2,198,66,0,0,0,0,0,2,0,0,0,0,0,0,0,0,0,0
Jeff Hendrick,Newcastle United,MF,,29,3,0,72,24,1,0,1,0,0,0,0,1.25,0,1.25,0,0,0,0.04,0.06,0.1
Dwight Gayle,Newcastle United,FW,,30,8,0,38,4,0,0,0,0,0,1,0,0,0,0,0.3,0.3,0.5,0.71,1.19,1.89
Elliot Anderson,Newcastle United,MF,,18,0,0,,,,,,,,,,,,,,,,,,
Lucas De Bolle,Newcastle United,MF,,18,0,0,,,,,,,,,,,,,,,,,,
Mark Gillespie,Newcastle United,GK,,29,0,0,,,,,,,,,,,,,,,,,,
Joe White,Newcastle United,MF,,18,0,0,,,,,,,,,,,,,,,,,,
Teemu Pukki,Norwich City,FW,,31,37,37,"3,253",87,11,3,8,3,3,4,0,0.3,0.08,0.39,11.5,9.2,2.8,0.32,0.08,0.4
Grant Hanley,Norwich City,DF,,29,33,33,"2,897",87,1,0,1,0,0,2,0,0.03,0,0.03,1.9,1.9,0.3,0.06,0.01,0.07
Max Aarons,Norwich City,DF,,21,34,32,"2,881",84,0,2,0,0,0,8,0,0,0.06,0.06,0.7,0.7,1.4,0.02,0.04,0.07
Kenny McLean,Norwich City,MF,,29,31,29,"2,706",87,1,0,1,0,0,3,0,0.03,0,0.03,1.9,1.9,0.7,0.06,0.02,0.09
Tim Krul,Norwich City,GK,,33,29,29,"2,610",90,0,0,0,0,0,1,0,0,0,0,0,0,0.4,0,0.01,0.01
Ben Gibson,Norwich City,DF,,28,28,28,"2,494",89,0,0,0,0,0,5,1,0,0,0,1.2,1.2,0,0.04,0,0.04
Pierre Lees-Melou,Norwich City,MF,,28,33,27,"2,265",68,1,0,1,0,0,5,0,0.04,0,0.04,1.6,1.6,1.8,0.06,0.07,0.14
Milot Rashica,Norwich City,FW,MF,25,31,25,"2,229",71,1,2,1,0,0,0,0,0.04,0.08,0.12,2.7,2.7,2.6,0.11,0.1,0.21
Brandon Williams,Norwich City,DF,,20,26,23,"2,120",81,0,1,0,0,0,8,0,0,0.04,0.04,0.2,0.2,1.3,0.01,0.05,0.06
Billy Gilmour,Norwich City,MF,,20,24,21,"1,855",77,0,1,0,0,0,2,0,0,0.05,0.05,1,1,2,0.05,0.1,0.14
Mathias Normann,Norwich City,MF,,25,23,20,"1,645",71,1,2,1,0,0,6,0,0.05,0.11,0.16,0.9,0.9,1.8,0.05,0.1,0.15
Josh Sargent,Norwich City,FW,MF,21,26,18,"1,572",60,2,1,2,0,0,1,0,0.11,0.06,0.17,2.7,2.7,0.7,0.16,0.04,0.2
Dimitris Giannoulis,Norwich City,DF,,25,18,14,"1,169",64,0,1,0,0,0,2,0,0,0.08,0.08,0.2,0.2,0.5,0.01,0.04,0.05
Sam Byram,Norwich City,DF,,27,15,11,"1,027",68,0,0,0,0,0,3,0,0,0,0,0.9,0.9,0.2,0.08,0.02,0.1
Ozan Kabak,Norwich City,DF,,21,11,11,922,83,0,0,0,0,0,2,0,0,0,0,0.2,0.2,0,0.02,0,0.02
Kieran Dowell,Norwich City,FW,MF,23,19,11,912,48,1,1,1,0,0,0,0,0.1,0.1,0.2,1.2,1.2,2,0.12,0.2,0.31
Angus Gunn,Norwich City,GK,,25,9,9,810,90,0,0,0,0,0,0,0,0,0,0,0,0,0,0,0,0
Lukas Rupp,Norwich City,MF,,30,19,7,769,40,0,0,0,0,0,0,0,0,0,0,0.7,0.7,1.2,0.08,0.14,0.22
Adam Idah,Norwich City,FW,MF,20,17,6,625,36,1,1,1,0,0,0,0,0.14,0.14,0.29,2,2,0.6,0.28,0.09,0.37
Jakob Sørensen,Norwich City,MF,DF,23,10,6,604,60,0,0,0,0,0,0,0,0,0,0,0.4,0.4,0,0.06,0,0.06
Przemys?aw P?acheta,Norwich City,FW,MF,23,12,6,504,42,0,0,0,0,0,1,0,0,0,0,0.5,0.5,0.7,0.1,0.13,0.23
Todd Cantwell,Norwich City,FW,MF,23,8,5,441,55,0,0,0,0,0,2,0,0,0,0,0.2,0.2,0.2,0.03,0.04,0.07
Andrew Omobamidele,Norwich City,DF,,19,5,4,382,76,1,0,1,0,0,1,0,0.24,0,0.24,0.3,0.3,0,0.08,0,0.08
Christos Tzolis,Norwich City,FW,MF,19,14,3,336,24,0,0,0,0,0,0,0,0,0,0,0.5,0.5,1,0.13,0.26,0.38
Christoph Zimmermann,Norwich City,DF,,28,3,2,157,52,0,0,0,0,0,0,0,0,0,0,0.1,0.1,0,0.04,0,0.04
Tony Springett,Norwich City,FW,MF,18,3,1,141,47,0,0,0,0,0,1,0,0,0,0,0.3,0.3,0.4,0.17,0.22,0.4
Jon Rowe,Norwich City,FW,MF,18,13,0,223,17,0,1,0,0,0,0,0,0,0.4,0.4,0.4,0.4,0.3,0.16,0.14,0.3
Bali Mumba,Norwich City,DF,,19,1,0,45,45,0,0,0,0,0,0,0,0,0,0,0,0,0,0,0,0
Thomas Dickson-Peters,Norwich City,FW,,18,0,0,,,,,,,,,,,,,,,,,,
Liam Gibbs,Norwich City,MF,,18,0,0,,,,,,,,,,,,,,,,,,
Abu Kamara,Norwich City,DF,,18,0,0,,,,,,,,,,,,,,,,,,
Jon McCracken,Norwich City,GK,,21,0,0,,,,,,,,,,,,,,,,,,
Michael McGovern,Norwich City,GK,,37,0,0,,,,,,,,,,,,,,,,,,
Jonathan Tomkinson,Norwich City,DF,,19,0,0,,,,,,,,,,,,,,,,,,
James Ward-Prowse,Southampton,MF,,26,36,36,"3,215",89,10,5,6,4,4,3,1,0.28,0.14,0.42,5.4,2.3,6.2,0.15,0.17,0.32
Oriol Romeu,Southampton,MF,,29,36,34,"2,889",80,2,2,2,0,0,9,0,0.06,0.06,0.12,1.3,1.3,2.8,0.04,0.09,0.13
Mohammed Salisu,Southampton,DF,,22,34,33,"2,972",87,0,0,0,0,0,10,1,0,0,0,1.8,1.8,0.5,0.06,0.02,0.07
Jan Bednarek,Southampton,DF,,25,31,30,"2,629",84,4,0,4,0,0,10,0,0.14,0,0.14,2.4,2.4,0.6,0.08,0.02,0.1
Kyle Walker-Peters,Southampton,DF,,24,32,29,"2,633",82,1,2,1,0,0,5,0,0.03,0.07,0.1,1,1,2.9,0.03,0.1,0.13
Valentino Livramento,Southampton,DF,,18,28,25,"2,202",78,1,1,1,0,0,2,0,0.04,0.04,0.08,1.2,1.2,2.3,0.05,0.09,0.14
Mohamed Elyounoussi,Southampton,MF,FW,26,30,23,"2,042",68,4,2,4,0,0,4,0,0.18,0.09,0.26,6,6,2.5,0.26,0.11,0.37
Che Adams,Southampton,FW,,25,30,23,"2,039",67,7,3,7,0,0,0,0,0.31,0.13,0.44,7.1,7.1,2.6,0.31,0.12,0.43
Armando Broja,Southampton,FW,,19,32,21,"1,975",61,6,0,6,0,0,2,0,0.27,0,0.27,7,7,1.3,0.32,0.06,0.38
Nathan Redmond,Southampton,MF,FW,27,27,20,"1,833",67,1,5,1,0,0,0,0,0.05,0.25,0.29,1.9,1.9,4.3,0.09,0.21,0.31
Fraser Forster,Southampton,GK,,33,19,19,"1,710",90,0,0,0,0,0,1,0,0,0,0,0,0,0,0,0,0
Romain Perraud,Southampton,DF,,23,20,18,"1,623",81,0,1,0,0,0,3,0,0,0.06,0.06,0.9,0.9,0.6,0.05,0.03,0.08
Alex McCarthy,Southampton,GK,,31,17,17,"1,530",90,0,0,0,0,0,1,0,0,0,0,0,0,0,0,0,0
Adam Armstrong,Southampton,FW,,24,23,17,"1,413",61,2,2,2,0,0,1,0,0.13,0.13,0.25,4.3,4.3,1.7,0.27,0.11,0.38
Stuart Armstrong,Southampton,MF,,29,25,15,"1,473",58,2,0,2,0,0,1,0,0.12,0,0.12,2.8,2.8,1.4,0.17,0.08,0.25
Ibrahima Diallo,Southampton,MF,,22,23,10,"1,023",44,0,2,0,0,0,1,0,0,0.18,0.18,0.5,0.5,1,0.04,0.09,0.13
Nathan Tella,Southampton,MF,FW,22,14,10,804,57,0,1,0,0,0,2,0,0,0.11,0.11,0.5,0.5,0.7,0.06,0.08,0.14
Lyanco,Southampton,DF,,24,15,9,911,60,0,0,0,0,0,2,0,0,0,0,0.2,0.2,0.1,0.02,0.01,0.04
Jack Stephens,Southampton,DF,,27,11,9,811,73,0,0,0,0,0,3,0,0,0,0,0,0,0.3,0,0.03,0.03
Moussa Djenepo,Southampton,MF,,23,12,5,457,38,0,0,0,0,0,3,0,0,0,0,1.5,1.5,0.2,0.3,0.05,0.34
Theo Walcott,Southampton,MF,FW,32,9,5,379,42,0,0,0,0,0,0,0,0,0,0,0.7,0.7,0,0.17,0.01,0.18
Yan Valery,Southampton,DF,,22,5,3,370,74,0,0,0,0,0,0,0,0,0,0,0,0,0.1,0.01,0.02,0.03
Shane Long,Southampton,FW,,34,13,3,308,23,1,0,1,0,0,1,0,0.29,0,0.29,1,1,0.1,0.29,0.03,0.32
Willy Caballero,Southampton,GK,,39,2,2,180,90,0,0,0,0,0,1,0,0,0,0,0,0,0,0,0,0
William Smallbone,Southampton,MF,FW,21,4,2,133,33,0,0,0,0,0,0,0,0,0,0,0.1,0.1,0.1,0.05,0.06,0.12
Kgagelo Chauke,Southampton,MF,,18,0,0,,,,,,,,,,,,,,,,,,
Tyler Dibling,Southampton,MF,,,0,0,,,,,,,,,,,,,,,,,,
Harry Lewis,Southampton,GK,,23,0,0,,,,,,,,,,,,,,,,,,
Dynel Simeu,Southampton,DF,,19,0,0,,,,,,,,,,,,,,,,,,
Thierry Small,Southampton,DF,,16,0,0,,,,,,,,,,,,,,,,,,
Hugo Lloris,Tottenham Hotspur,GK,,34,38,38,"3,420",90,0,0,0,0,0,2,0,0,0,0,0,0,0.5,0,0.01,0.01
Harry Kane,Tottenham Hotspur,FW,,28,37,36,"3,232",87,17,9,13,4,4,5,0,0.47,0.25,0.72,20.1,17.1,9,0.56,0.25,0.81
Pierre Højbjerg,Tottenham Hotspur,MF,,25,36,36,"3,196",88,2,2,2,0,0,3,0,0.06,0.06,0.11,2,2,2.5,0.06,0.07,0.13
Eric Dier,Tottenham Hotspur,DF,,27,35,35,"3,071",87,0,0,0,0,0,1,0,0,0,0,1,1,1.4,0.03,0.04,0.07
Son Heung-min,Tottenham Hotspur,FW,MF,29,35,35,"3,006",85,23,7,23,0,0,2,0,0.69,0.21,0.9,16.4,16.4,8.1,0.49,0.24,0.73
Ben Davies,Tottenham Hotspur,DF,,28,29,28,"2,538",87,1,1,1,0,0,6,0,0.04,0.04,0.07,1.8,1.8,0.6,0.06,0.02,0.08
Emerson,Tottenham Hotspur,DF,,22,31,26,"2,286",73,1,1,1,0,0,5,0,0.04,0.04,0.08,1.5,1.5,2.1,0.06,0.08,0.14
Sergio Reguilón,Tottenham Hotspur,DF,,24,25,22,"1,916",76,2,3,2,0,0,4,0,0.09,0.14,0.23,3,3,4,0.14,0.19,0.33
Cristian Romero,Tottenham Hotspur,DF,,23,22,21,"1,844",83,1,0,1,0,0,8,0,0.05,0,0.05,0.7,0.7,0.5,0.03,0.02,0.05
Lucas Moura,Tottenham Hotspur,FW,MF,28,34,19,"1,775",52,2,6,2,0,0,4,0,0.1,0.3,0.41,3.7,3.7,4.4,0.19,0.23,0.41
Davinson Sánchez,Tottenham Hotspur,DF,,25,23,17,"1,631",70,2,0,2,0,0,4,0,0.11,0,0.11,2.1,2.1,0.4,0.11,0.02,0.14
Rodrigo Bentancur,Tottenham Hotspur,MF,,24,17,16,"1,361",80,0,4,0,0,0,5,0,0,0.26,0.26,0.9,0.9,2.3,0.06,0.15,0.21
Oliver Skipp,Tottenham Hotspur,MF,,20,18,14,"1,350",75,0,0,0,0,0,6,0,0,0,0,0.2,0.2,0.9,0.01,0.06,0.07
Dejan Kulusevski,Tottenham Hotspur,MF,FW,21,18,14,"1,261",70,5,8,5,0,0,3,0,0.36,0.57,0.93,3.4,3.4,3.5,0.24,0.25,0.5
Ryan Sessegnon,Tottenham Hotspur,DF,,21,15,13,"1,047",69,0,2,0,0,0,2,0,0,0.17,0.17,0.4,0.4,2.9,0.03,0.25,0.28
Japhet Tanganga,Tottenham Hotspur,DF,,22,11,10,735,66,0,0,0,0,0,4,1,0,0,0,0.4,0.4,0.4,0.05,0.05,0.09
Harry Winks,Tottenham Hotspur,MF,,25,19,9,912,48,0,1,0,0,0,2,0,0,0.1,0.1,0.1,0.1,1.5,0.01,0.15,0.16
Matt Doherty,Tottenham Hotspur,DF,,29,15,9,875,58,2,4,2,0,0,0,0,0.21,0.41,0.62,2.5,2.5,1.8,0.26,0.18,0.44
Dele Alli,Tottenham Hotspur,MF,FW,25,10,8,657,65,1,0,0,1,1,1,0,0.14,0,0.14,1.5,0.7,0.8,0.2,0.11,0.31
Tanguy Ndombele,Tottenham Hotspur,MF,,24,9,6,484,53,1,1,1,0,0,1,0,0.19,0.19,0.37,0.5,0.5,0.4,0.09,0.07,0.16
Steven Bergwijn,Tottenham Hotspur,FW,MF,23,25,4,565,22,3,1,3,0,0,1,0,0.48,0.16,0.64,3.1,3.1,0.7,0.49,0.11,0.59
Giovani Lo Celso,Tottenham Hotspur,MF,FW,25,9,2,238,26,0,0,0,0,0,0,0,0,0,0,0.7,0.7,0.6,0.28,0.24,0.52
Bryan,Tottenham Hotspur,FW,MF,20,9,0,94,10,0,0,0,0,0,0,0,0,0,0,0,0,0.1,0.03,0.07,0.1
Joe Rodon,Tottenham Hotspur,DF,,23,3,0,89,29,0,0,0,0,0,0,0,0,0,0,0,0,0,0,0,0
Dane Scarlett,Tottenham Hotspur,MF,,17,1,0,4,4,0,0,0,0,0,0,0,0,0,0,0,0,0,0,0,0
Brandon Austin,Tottenham Hotspur,GK,,22,0,0,,,,,,,,,,,,,,,,,,
Jamie Bowden,Tottenham Hotspur,MF,,20,0,0,,,,,,,,,,,,,,,,,,
Matthew Craig,Tottenham Hotspur,MF,,18,0,0,,,,,,,,,,,,,,,,,,
Alfie Devine,Tottenham Hotspur,MF,,16,0,0,,,,,,,,,,,,,,,,,,
Pierluigi Gollini,Tottenham Hotspur,GK,,26,0,0,,,,,,,,,,,,,,,,,,
Marcel Lavinier,Tottenham Hotspur,DF,,20,0,0,,,,,,,,,,,,,,,,,,
Dilan Markanday,Tottenham Hotspur,FW,MF,19,0,0,,,,,,,,,,,,,,,,,,
Tobi Omole,Tottenham Hotspur,DF,,21,0,0,,,,,,,,,,,,,,,,,,
Moussa Sissoko,Tottenham Hotspur,MF,,31,0,0,,,,,,,,,,,,,,,,,,
Harvey White,Tottenham Hotspur,MF,,19,0,0,,,,,,,,,,,,,,,,,,
Moussa Sissoko,Watford,MF,,31,36,36,"3,220",89,2,1,2,0,0,5,0,0.06,0.03,0.08,3.4,3.4,2.8,0.1,0.08,0.17
Emmanuel Dennis,Watford,FW,MF,23,33,30,"2,581",78,10,6,10,0,0,9,1,0.35,0.21,0.56,7.5,7.5,3.2,0.26,0.11,0.37
Craig Cathcart,Watford,DF,,32,31,27,"2,396",77,0,1,0,0,0,3,0,0,0.04,0.04,0.1,0.1,0.3,0,0.01,0.02
Joshua King,Watford,FW,,29,32,27,"2,248",70,5,3,4,1,1,5,0,0.2,0.12,0.32,8,7.2,3.2,0.32,0.13,0.45
Ben Foster,Watford,GK,,38,26,26,"2,340",90,0,1,0,0,0,0,0,0,0.04,0.04,0,0,0.2,0,0.01,0.01
Kiko Femenía,Watford,DF,,30,27,26,"2,142",79,0,5,0,0,0,2,0,0,0.21,0.21,0.1,0.1,3.2,0,0.14,0.14
Juraj Kucka,Watford,MF,,34,26,22,"1,920",73,1,1,1,0,0,5,1,0.05,0.05,0.09,3.1,3.1,0.9,0.15,0.04,0.19
Ismaila Sarr,Watford,FW,MF,23,22,21,"1,861",84,5,2,5,0,1,2,0,0.24,0.1,0.34,4.2,3.5,2.5,0.2,0.12,0.33
Tom Cleverley,Watford,MF,,31,28,20,"1,616",57,0,2,0,0,0,2,0,0,0.11,0.11,0.8,0.8,2,0.05,0.11,0.16
Samir Santos,Watford,DF,,26,19,19,"1,673",88,0,0,0,0,0,4,0,0,0,0,0.3,0.3,0.1,0.02,0.01,0.02
Hassane Kamara,Watford,DF,,27,19,18,"1,623",85,1,0,1,0,0,5,1,0.06,0,0.06,0.2,0.2,0.4,0.01,0.02,0.03
Imran Louza,Watford,MF,,22,20,17,"1,416",70,0,0,0,0,0,6,0,0,0,0,1.1,1.1,1,0.07,0.07,0.14
João Pedro,Watford,FW,MF,19,28,15,"1,644",58,3,1,3,0,0,1,0,0.16,0.05,0.22,4.2,4.2,2.6,0.23,0.14,0.37
William Troost-Ekong,Watford,DF,,27,17,15,"1,390",81,0,0,0,0,0,3,0,0,0,0,0.1,0.1,0.1,0.01,0.01,0.01
Adam Masina,Watford,DF,,27,15,13,"1,077",71,0,1,0,0,0,0,0,0,0.08,0.08,0.4,0.4,0.7,0.03,0.06,0.09
Christian Kabasele,Watford,DF,,30,16,12,"1,193",74,0,0,0,0,0,0,0,0,0,0,0.7,0.7,0,0.05,0,0.06
Daniel Bachmann,Watford,GK,,27,12,12,"1,080",90,0,0,0,0,0,0,0,0,0,0,0,0,0,0,0,0
Cucho,Watford,FW,MF,22,25,11,"1,147",45,5,2,5,0,0,3,0,0.39,0.16,0.55,2.5,2.5,1.9,0.2,0.15,0.35
Jeremy Ngakia,Watford,DF,,20,16,9,903,56,0,0,0,0,0,0,0,0,0,0,0.1,0.1,0.5,0.01,0.05,0.06
Edo Kayembe,Watford,MF,,22,13,9,799,61,0,0,0,0,0,0,0,0,0,0,0.2,0.2,0.3,0.02,0.03,0.06
Ken Sema,Watford,MF,FW,27,18,7,852,47,0,0,0,0,0,1,0,0,0,0,0.2,0.2,1.2,0.02,0.13,0.14
Danny Rose,Watford,DF,,31,8,7,689,86,0,0,0,0,0,4,0,0,0,0,0.2,0.2,0.8,0.02,0.1,0.12
Francisco Sierralta,Watford,DF,,24,5,5,427,85,0,0,0,0,0,0,0,0,0,0,0,0,0,0.01,0,0.01
Oghenekaro Etebo,Watford,MF,,25,9,4,401,44,0,0,0,0,0,3,0,0,0,0,0,0,0.1,0.01,0.01,0.02
Ozan Tufan,Watford,MF,,26,7,4,334,47,0,0,0,0,0,0,0,0,0,0,0.5,0.5,0.2,0.14,0.07,0.2
Samuel Kalu,Watford,FW,,23,4,2,222,55,0,0,0,0,0,0,0,0,0,0,0.3,0.3,0.2,0.12,0.06,0.18
Nicolas Nkoulou,Watford,DF,,31,3,2,168,56,0,0,0,0,0,0,0,0,0,0,0,0,0,0,0.01,0.01
Dan Gosling,Watford,MF,,31,4,2,166,41,1,0,1,0,0,0,0,0.54,0,0.54,0.2,0.2,0,0.1,0.01,0.11
Ashley Fletcher,Watford,FW,,25,3,0,30,10,0,0,0,0,0,0,0,0,0,0,0.4,0.4,0,1.16,0,1.16
Troy Deeney,Watford,FW,,33,2,0,25,12,0,0,0,0,0,0,0,0,0,0,0.4,0.4,0.1,1.45,0.32,1.77
Vincent Angelini,Watford,GK,,17,0,0,,,,,,,,,,,,,,,,,,
Kwadwo Baah,Watford,FW,,18,0,0,,,,,,,,,,,,,,,,,,
Adrian Blake,Watford,FW,,16,0,0,,,,,,,,,,,,,,,,,,
Kamil Conteh,Watford,MF,,18,0,0,,,,,,,,,,,,,,,,,,
Tiago Çukur,Watford,FW,,18,0,0,,,,,,,,,,,,,,,,,,
Rob Elliot,Watford,GK,,35,0,0,,,,,,,,,,,,,,,,,,
Shaqai Forde,Watford,FW,,17,0,0,,,,,,,,,,,,,,,,,,
Jack Grieves,Watford,FW,,16,0,0,,,,,,,,,,,,,,,,,,
James Morris,Watford,DF,,19,0,0,,,,,,,,,,,,,,,,,,
?ukasz Fabia?ski,West Ham United,GK,,36,37,37,"3,330",90,0,0,0,0,0,2,0,0,0,0,0,0,0,0,0,0
Declan Rice,West Ham United,MF,,22,36,35,"3,179",88,1,4,1,0,0,8,0,0.03,0.11,0.14,1.1,1.1,2,0.03,0.06,0.09
Tomáš Sou?ek,West Ham United,MF,,26,35,34,"3,062",87,5,1,5,0,0,3,0,0.15,0.03,0.18,4.8,4.4,1.5,0.14,0.05,0.19
Jarrod Bowen,West Ham United,FW,,24,36,34,"2,983",82,12,10,12,0,0,6,0,0.36,0.3,0.66,11.1,11.1,5.7,0.34,0.17,0.51
Michail Antonio,West Ham United,FW,,31,36,34,"2,971",82,10,8,10,0,1,8,1,0.3,0.24,0.55,11.1,10.8,6.6,0.34,0.2,0.54
Pablo Fornals,West Ham United,FW,MF,25,36,32,"2,795",77,6,3,6,0,0,4,0,0.19,0.1,0.29,5,5,5.6,0.16,0.18,0.34
Aaron Cresswell,West Ham United,DF,,31,31,31,"2,726",87,2,3,2,0,0,3,0,0.07,0.1,0.17,1.1,1.1,3.2,0.04,0.11,0.14
Craig Dawson,West Ham United,DF,,31,34,30,"2,754",81,2,2,2,0,0,5,1,0.07,0.07,0.13,2.9,2.9,0.5,0.09,0.01,0.11
Saïd Benrahma,West Ham United,FW,MF,25,32,26,"2,168",67,8,6,8,0,0,0,0,0.33,0.25,0.58,5.1,5.1,3.2,0.21,0.13,0.35
Vladimír Coufal,West Ham United,DF,,28,28,25,"2,209",78,0,4,0,0,0,5,1,0,0.16,0.16,0.6,0.6,2.4,0.02,0.1,0.12
Kurt Zouma,West Ham United,DF,,26,24,24,"2,078",86,1,0,1,0,0,1,0,0.04,0,0.04,0.9,0.9,0,0.04,0,0.04
Manuel Lanzini,West Ham United,MF,FW,28,30,19,"1,786",59,5,3,2,3,3,2,0,0.25,0.15,0.4,3.4,1.1,2.2,0.17,0.11,0.28
Ben Johnson,West Ham United,DF,,21,20,16,"1,397",69,1,0,1,0,0,1,0,0.06,0,0.06,0.1,0.1,0.8,0.01,0.05,0.06
Angelo Ogbonna,West Ham United,DF,,33,11,11,921,83,1,0,1,0,0,1,0,0.1,0,0.1,0.3,0.3,0,0.03,0,0.03
Issa Diop,West Ham United,DF,,24,13,10,963,74,0,1,0,0,0,0,0,0,0.09,0.09,0.1,0.1,0.1,0.01,0.01,0.02
Arthur Masuaku,West Ham United,DF,FW,27,13,6,650,50,1,1,1,0,0,1,0,0.14,0.14,0.28,0.1,0.1,0.9,0.01,0.12,0.14
Nikola Vlaši?,West Ham United,FW,MF,23,19,6,560,29,1,0,1,0,0,0,0,0.16,0,0.16,1,1,0.4,0.16,0.07,0.23
Mark Noble,West Ham United,MF,,34,11,3,332,30,1,0,0,1,2,0,0,0.27,0,0.27,1.5,0,0.2,0.41,0.06,0.47
Ryan Fredericks,West Ham United,DF,,28,7,3,307,43,0,0,0,0,0,1,0,0,0,0,0,0,0.1,0,0.03,0.03
Andriy Yarmolenko,West Ham United,FW,,31,19,1,316,16,1,0,1,0,0,1,0,0.28,0,0.28,0.8,0.8,0.2,0.24,0.05,0.29
Alphonse Areola,West Ham United,GK,,28,1,1,90,90,0,0,0,0,0,0,0,0,0,0,0,0,0,0,0,0
Harrison Ashby,West Ham United,DF,,19,1,0,7,7,0,0,0,0,0,0,0,0,0,0,0,0,0,0,0,0
Sonny Perkins,West Ham United,FW,,17,1,0,4,4,0,0,0,0,0,0,0,0,0,0,0,0,0,0,0,0
Daniel Chesters,West Ham United,MF,,19,1,0,1,1,0,0,0,0,0,0,0,0,0,0,0,0,0,0,0,0
Alex Král,West Ham United,MF,,23,1,0,1,1,0,0,0,0,0,0,0,0,0,0,0,0,0,0,0,0
Ajibola Alese,West Ham United,DF,,21,0,0,,,,,,,,,,,,,,,,,,
Jamal Baptiste,West Ham United,DF,,17,0,0,,,,,,,,,,,,,,,,,,
Conor Coventry,West Ham United,MF,,21,0,0,,,,,,,,,,,,,,,,,,
Pierre Ekwah Elimby,West Ham United,MF,,19,0,0,,,,,,,,,,,,,,,,,,
Armstrong Okoflex,West Ham United,MF,,19,0,0,,,,,,,,,,,,,,,,,,
Darren Randolph,West Ham United,GK,,34,0,0,,,,,,,,,,,,,,,,,,
Conor Coady,Wolverhampton Wanderers,DF,,28,38,38,"3,361",88,4,0,4,0,0,4,0,0.11,0,0.11,2,2,0,0.05,0,0.05
José Sá,Wolverhampton Wanderers,GK,,28,37,37,"3,285",88,0,1,0,0,0,3,0,0,0.03,0.03,0,0,1,0,0.03,0.03
João Moutinho,Wolverhampton Wanderers,MF,,34,35,34,"2,970",84,2,1,2,0,0,4,0,0.06,0.03,0.09,1,1,2.4,0.03,0.07,0.11
Romain Saïss,Wolverhampton Wanderers,DF,,31,31,31,"2,705",87,2,0,2,0,0,6,0,0.07,0,0.07,2.7,2.7,0.4,0.09,0.01,0.1
Rúben Neves,Wolverhampton Wanderers,MF,,24,33,31,"2,661",80,4,2,4,0,0,9,0,0.14,0.07,0.2,1.2,1.2,2.2,0.04,0.07,0.12
Max Kilman,Wolverhampton Wanderers,DF,,24,30,30,"2,687",89,1,0,1,0,0,3,0,0.03,0,0.03,1,1,0,0.03,0,0.03
Raúl Jiménez,Wolverhampton Wanderers,FW,,30,34,30,"2,631",77,6,4,5,1,1,9,2,0.21,0.14,0.34,6.6,6.1,2.7,0.23,0.09,0.32
Nélson Semedo,Wolverhampton Wanderers,DF,,27,25,25,"2,131",85,0,1,0,0,0,1,0,0,0.04,0.04,1.4,1.4,1.2,0.06,0.05,0.11
Leander Dendoncker,Wolverhampton Wanderers,MF,,26,30,21,"1,950",65,2,2,2,0,0,4,0,0.09,0.09,0.18,2.6,2.6,0.9,0.12,0.04,0.16
Rayan Aït Nouri,Wolverhampton Wanderers,DF,,20,23,20,"1,828",79,1,2,1,0,0,4,0,0.05,0.1,0.15,0.7,0.7,1.3,0.04,0.07,0.1
Hwang Hee-chan,Wolverhampton Wanderers,FW,MF,25,30,20,"1,816",60,5,1,5,0,0,2,0,0.25,0.05,0.3,4,4,1.7,0.2,0.08,0.28
Fernando Marçal,Wolverhampton Wanderers,DF,,32,18,17,"1,449",80,0,0,0,0,0,3,0,0,0,0,0.5,0.5,0.7,0.03,0.04,0.08
Francisco Trincão,Wolverhampton Wanderers,FW,MF,21,28,16,"1,336",47,2,1,2,0,0,0,0,0.13,0.07,0.2,3.4,3.4,1.2,0.23,0.08,0.31
Daniel Podence,Wolverhampton Wanderers,FW,MF,25,26,15,"1,484",57,2,3,2,0,0,2,0,0.12,0.18,0.3,1.9,1.9,3.8,0.12,0.23,0.35
Adama Traoré,Wolverhampton Wanderers,FW,,25,20,10,"1,067",53,1,0,1,0,0,0,0,0.08,0,0.08,2.4,2.4,1.7,0.2,0.15,0.35
Jonny Castro,Wolverhampton Wanderers,DF,,27,13,10,"1,024",78,2,0,2,0,0,1,0,0.18,0,0.18,0.8,0.8,1.2,0.07,0.1,0.17
Willy Boly,Wolverhampton Wanderers,DF,,30,10,10,900,90,0,0,0,0,0,1,0,0,0,0,0.2,0.2,0.1,0.02,0.01,0.03
Fábio Silva,Wolverhampton Wanderers,FW,,19,22,6,572,26,0,0,0,0,0,0,0,0,0,0,2.3,2.3,0.2,0.36,0.02,0.38
Pedro Neto,Wolverhampton Wanderers,FW,MF,21,13,5,466,35,1,1,1,0,0,3,0,0.19,0.19,0.39,1.5,1.5,1.1,0.29,0.22,0.51
Toti Gomes,Wolverhampton Wanderers,DF,,22,4,4,360,90,0,0,0,0,0,1,0,0,0,0,0.1,0.1,0,0.01,0,0.01
Ki-Jana Hoever,Wolverhampton Wanderers,DF,,19,8,4,308,38,0,0,0,0,0,1,0,0,0,0,0,0,0,0.01,0.01,0.02
Luke Cundle,Wolverhampton Wanderers,MF,,19,4,2,180,45,0,0,0,0,0,0,0,0,0,0,0,0,0.2,0,0.12,0.12
Chiquinho,Wolverhampton Wanderers,DF,MF,21,8,1,208,26,0,3,0,0,0,0,0,0,1.3,1.3,0.3,0.3,0.6,0.13,0.27,0.41
John Ruddy,Wolverhampton Wanderers,GK,,34,2,1,135,67,0,0,0,0,0,0,0,0,0,0,0,0,0,0,0,0
Chem Campbell,Wolverhampton Wanderers,MF,,18,1,0,13,13,0,0,0,0,0,0,0,0,0,0,0,0,0,0,0,0
Morgan Gibbs-White,Wolverhampton Wanderers,FW,MF,21,2,0,9,4,0,0,0,0,0,1,0,0,0,0,0.1,0.1,0,1.22,0,1.22
Hugo Bueno,Wolverhampton Wanderers,DF,,18,0,0,,,,,,,,,,,,,,,,,,
Ryan John Giles,Wolverhampton Wanderers,MF,,21,0,0,,,,,,,,,,,,,,,,,,
Bruno Jordão,Wolverhampton Wanderers,MF,,22,0,0,,,,,,,,,,,,,,,,,,
Christian Marques,Wolverhampton Wanderers,DF,,18,0,0,,,,,,,,,,,,,,,,,,
Yerson Mosquera,Wolverhampton Wanderers,DF,,20,0,0,,,,,,,,,,,,,,,,,,
Louie Moulden,Wolverhampton Wanderers,GK,,19,0,0,,,,,,,,,,,,,,,,,,
Dion Sanderson,Wolverhampton Wanderers,DF,,21,0,0,,,,,,,,,,,,,,,,,,
James Storer,Wolverhampton Wanderers,GK,,,0,0,,,,,,,,,,,,,,,,,,
